3WrFJ7ztbogyGnTHbHJFl2	7FIoB5PHdrMZVC3q2HE5MS	5
3WrFJ7ztbogyGnTHbHJFl2	4x1nvY2FN8jxqAFA0DA02H	4
3WrFJ7ztbogyGnTHbHJFl2	4STHEaNw4mPZ2tzheohgXB	3
3WrFJ7ztbogyGnTHbHJFl2	3oDbviiivRWhXwIE8hxkVV	2
3WrFJ7ztbogyGnTHbHJFl2	1SQRv42e4PjEYfPhS0Tk9E	1
1SQRv42e4PjEYfPhS0Tk9E	1YqGsKpdixxSVgpfaL2AEQ	5
1SQRv42e4PjEYfPhS0Tk9E	2lxX1ivRYp26soIavdG9bX	4
1SQRv42e4PjEYfPhS0Tk9E	6waa8mKu91GjzD4NlONlNJ	3
1SQRv42e4PjEYfPhS0Tk9E	3ICflSq6ZgYAIrm2CTkfVP	2
1SQRv42e4PjEYfPhS0Tk9E	1PCZpxHJz7WAMF8EEq8bfc	1
3oDbviiivRWhXwIE8hxkVV	6waa8mKu91GjzD4NlONlNJ	5
3oDbviiivRWhXwIE8hxkVV	4Q82S0VzF8qlCb4PnSDurj	4
3oDbviiivRWhXwIE8hxkVV	320EPCSEezHt1rtbfwH6Ck	3
3oDbviiivRWhXwIE8hxkVV	1PCZpxHJz7WAMF8EEq8bfc	2
3oDbviiivRWhXwIE8hxkVV	2VIoWte1HPDbZ2WqHd2La7	1
4STHEaNw4mPZ2tzheohgXB	7FIoB5PHdrMZVC3q2HE5MS	5
4STHEaNw4mPZ2tzheohgXB	4x1nvY2FN8jxqAFA0DA02H	4
4STHEaNw4mPZ2tzheohgXB	6DbJi8AcN5ANdtvJcwBSw8	3
4STHEaNw4mPZ2tzheohgXB	3sFhA6G1N0gG1pszb6kk1m	2
4STHEaNw4mPZ2tzheohgXB	4pJCawaKSZ40EnxN0YEYw3	1
4x1nvY2FN8jxqAFA0DA02H	7FIoB5PHdrMZVC3q2HE5MS	5
4x1nvY2FN8jxqAFA0DA02H	4STHEaNw4mPZ2tzheohgXB	4
4x1nvY2FN8jxqAFA0DA02H	6DbJi8AcN5ANdtvJcwBSw8	3
4x1nvY2FN8jxqAFA0DA02H	3RTzAwFprBqiskp550eSJX	2
4x1nvY2FN8jxqAFA0DA02H	1SQRv42e4PjEYfPhS0Tk9E	1
7FIoB5PHdrMZVC3q2HE5MS	6DbJi8AcN5ANdtvJcwBSw8	5
7FIoB5PHdrMZVC3q2HE5MS	4x1nvY2FN8jxqAFA0DA02H	4
7FIoB5PHdrMZVC3q2HE5MS	4STHEaNw4mPZ2tzheohgXB	3
7FIoB5PHdrMZVC3q2HE5MS	3bTAaMx9nf237AkBnGw3vL	2
7FIoB5PHdrMZVC3q2HE5MS	3RTzAwFprBqiskp550eSJX	1
1PCZpxHJz7WAMF8EEq8bfc	3eskO5m0H4yiF64vRySBjr	5
1PCZpxHJz7WAMF8EEq8bfc	040Bv6cZTRh30LyyYVXgJX	4
1PCZpxHJz7WAMF8EEq8bfc	2lxX1ivRYp26soIavdG9bX	3
1PCZpxHJz7WAMF8EEq8bfc	6vLlQYujOujIrm7zAKzEdG	2
1PCZpxHJz7WAMF8EEq8bfc	0rESpKEusFHxhW59MIf7eM	1
3ICflSq6ZgYAIrm2CTkfVP	2lxX1ivRYp26soIavdG9bX	5
3ICflSq6ZgYAIrm2CTkfVP	6waa8mKu91GjzD4NlONlNJ	4
3ICflSq6ZgYAIrm2CTkfVP	1YqGsKpdixxSVgpfaL2AEQ	3
3ICflSq6ZgYAIrm2CTkfVP	3i9hP422d2KMjaupTzBNVS	2
3ICflSq6ZgYAIrm2CTkfVP	1SQRv42e4PjEYfPhS0Tk9E	1
6waa8mKu91GjzD4NlONlNJ	4QmkLL9JOqM9dusHS1Hghe	5
6waa8mKu91GjzD4NlONlNJ	57xdnSVt4ahJCIXYLieQ25	4
6waa8mKu91GjzD4NlONlNJ	48YxSlb23RAaCd4RyHcV9V	3
6waa8mKu91GjzD4NlONlNJ	3i9hP422d2KMjaupTzBNVS	2
6waa8mKu91GjzD4NlONlNJ	7CCn4PFRRRZF127jtCBAUe	1
2lxX1ivRYp26soIavdG9bX	3ICflSq6ZgYAIrm2CTkfVP	5
2lxX1ivRYp26soIavdG9bX	1YqGsKpdixxSVgpfaL2AEQ	4
2lxX1ivRYp26soIavdG9bX	5GUVj2b1lJ4DolQyHlzyaO	3
2lxX1ivRYp26soIavdG9bX	3i9hP422d2KMjaupTzBNVS	2
2lxX1ivRYp26soIavdG9bX	5U16QlMnlSAhkQxBZpLyLO	1
1YqGsKpdixxSVgpfaL2AEQ	2lxX1ivRYp26soIavdG9bX	5
1YqGsKpdixxSVgpfaL2AEQ	5U16QlMnlSAhkQxBZpLyLO	4
1YqGsKpdixxSVgpfaL2AEQ	3i9hP422d2KMjaupTzBNVS	3
1YqGsKpdixxSVgpfaL2AEQ	6waa8mKu91GjzD4NlONlNJ	2
1YqGsKpdixxSVgpfaL2AEQ	5BaHqGtf6UAZnHfqdPaTDA	1
2VIoWte1HPDbZ2WqHd2La7	2IU5UBup85LmAXh5U36DeC	5
2VIoWte1HPDbZ2WqHd2La7	32HPpJAhgnGPT3V7UOggzi	4
2VIoWte1HPDbZ2WqHd2La7	7CCn4PFRRRZF127jtCBAUe	3
2VIoWte1HPDbZ2WqHd2La7	2kuNswDC82PL9xRbfaZJaS	2
2VIoWte1HPDbZ2WqHd2La7	57xdnSVt4ahJCIXYLieQ25	1
320EPCSEezHt1rtbfwH6Ck	2VIoWte1HPDbZ2WqHd2La7	5
320EPCSEezHt1rtbfwH6Ck	01hRNr3yF5bYnPq4wZ88iI	4
320EPCSEezHt1rtbfwH6Ck	7CCn4PFRRRZF127jtCBAUe	3
320EPCSEezHt1rtbfwH6Ck	2IU5UBup85LmAXh5U36DeC	2
320EPCSEezHt1rtbfwH6Ck	6waa8mKu91GjzD4NlONlNJ	1
4Q82S0VzF8qlCb4PnSDurj	5gl6pfPwJ1coivVUMZPiS9	5
4Q82S0VzF8qlCb4PnSDurj	3oDbviiivRWhXwIE8hxkVV	4
4Q82S0VzF8qlCb4PnSDurj	3M8NUieZuEOMs0Hf210w4n	3
4Q82S0VzF8qlCb4PnSDurj	3RTzAwFprBqiskp550eSJX	2
4Q82S0VzF8qlCb4PnSDurj	0Lpr5wXzWLtDWm1SjNbpPb	1
4pJCawaKSZ40EnxN0YEYw3	7Kkx4dACo6kFSeT9wjfVA5	5
4pJCawaKSZ40EnxN0YEYw3	6DbJi8AcN5ANdtvJcwBSw8	4
4pJCawaKSZ40EnxN0YEYw3	0Lpr5wXzWLtDWm1SjNbpPb	3
4pJCawaKSZ40EnxN0YEYw3	3UvcmAOZt64oKpP95f6MMM	2
4pJCawaKSZ40EnxN0YEYw3	6waa8mKu91GjzD4NlONlNJ	1
3sFhA6G1N0gG1pszb6kk1m	6DbJi8AcN5ANdtvJcwBSw8	5
3sFhA6G1N0gG1pszb6kk1m	4STHEaNw4mPZ2tzheohgXB	4
3sFhA6G1N0gG1pszb6kk1m	7FIoB5PHdrMZVC3q2HE5MS	3
3sFhA6G1N0gG1pszb6kk1m	2hO4YtXUFJiUYS2uYFvHNK	2
3sFhA6G1N0gG1pszb6kk1m	4x1nvY2FN8jxqAFA0DA02H	1
6DbJi8AcN5ANdtvJcwBSw8	7FIoB5PHdrMZVC3q2HE5MS	5
6DbJi8AcN5ANdtvJcwBSw8	4x1nvY2FN8jxqAFA0DA02H	4
6DbJi8AcN5ANdtvJcwBSw8	4STHEaNw4mPZ2tzheohgXB	3
6DbJi8AcN5ANdtvJcwBSw8	6waa8mKu91GjzD4NlONlNJ	2
6DbJi8AcN5ANdtvJcwBSw8	3bTAaMx9nf237AkBnGw3vL	1
3RTzAwFprBqiskp550eSJX	4Q82S0VzF8qlCb4PnSDurj	5
3RTzAwFprBqiskp550eSJX	0Lpr5wXzWLtDWm1SjNbpPb	4
3RTzAwFprBqiskp550eSJX	6waa8mKu91GjzD4NlONlNJ	3
3RTzAwFprBqiskp550eSJX	6DbJi8AcN5ANdtvJcwBSw8	2
3RTzAwFprBqiskp550eSJX	1gRNBaI4yn6wCCTvRhGWh8	1
3bTAaMx9nf237AkBnGw3vL	3lHXm91pKLq9Sxi6CoRKWu	5
3bTAaMx9nf237AkBnGw3vL	1C4kZs9XyNnm9HWFng6ZFH	4
3bTAaMx9nf237AkBnGw3vL	2hO4YtXUFJiUYS2uYFvHNK	3
3bTAaMx9nf237AkBnGw3vL	7jefIIksOi1EazgRTfW2Pk	2
3bTAaMx9nf237AkBnGw3vL	6DbJi8AcN5ANdtvJcwBSw8	1
0rESpKEusFHxhW59MIf7eM	1KA3WXYMPLxomNuoE22LYd	5
0rESpKEusFHxhW59MIf7eM	6i8kpDUSsrOOhPHfNYhMeF	4
0rESpKEusFHxhW59MIf7eM	040Bv6cZTRh30LyyYVXgJX	3
0rESpKEusFHxhW59MIf7eM	27q3FvkUk607B71x6G4rXz	2
0rESpKEusFHxhW59MIf7eM	1PCZpxHJz7WAMF8EEq8bfc	1
6vLlQYujOujIrm7zAKzEdG	1PCZpxHJz7WAMF8EEq8bfc	5
6vLlQYujOujIrm7zAKzEdG	3Q6OOkfssqoMSTtl11J5Uk	4
6vLlQYujOujIrm7zAKzEdG	5U16QlMnlSAhkQxBZpLyLO	3
6vLlQYujOujIrm7zAKzEdG	2lxX1ivRYp26soIavdG9bX	2
6vLlQYujOujIrm7zAKzEdG	7CCn4PFRRRZF127jtCBAUe	1
040Bv6cZTRh30LyyYVXgJX	3QcM2tU8CDY3LyzvwCj1CI	5
040Bv6cZTRh30LyyYVXgJX	0rESpKEusFHxhW59MIf7eM	4
040Bv6cZTRh30LyyYVXgJX	3ExrAwcOqgGjt9kFRwdM76	3
040Bv6cZTRh30LyyYVXgJX	4O8NcI06slOnzcloI95qfe	2
040Bv6cZTRh30LyyYVXgJX	59zdhVoWxSoHMc74n098Re	1
3eskO5m0H4yiF64vRySBjr	59zdhVoWxSoHMc74n098Re	5
3eskO5m0H4yiF64vRySBjr	1PCZpxHJz7WAMF8EEq8bfc	4
3eskO5m0H4yiF64vRySBjr	4WlSvDKaq1PA2Nr7cCIPxX	3
3eskO5m0H4yiF64vRySBjr	2pdvghEHZJtgSXZ7cvNLou	2
3eskO5m0H4yiF64vRySBjr	5I6MzhNEMk27cZsCqGAIYo	1
3i9hP422d2KMjaupTzBNVS	57xdnSVt4ahJCIXYLieQ25	5
3i9hP422d2KMjaupTzBNVS	2lxX1ivRYp26soIavdG9bX	4
3i9hP422d2KMjaupTzBNVS	1YqGsKpdixxSVgpfaL2AEQ	3
3i9hP422d2KMjaupTzBNVS	5670CyWrIOA7702gNjsGMZ	2
3i9hP422d2KMjaupTzBNVS	5BaHqGtf6UAZnHfqdPaTDA	1
7CCn4PFRRRZF127jtCBAUe	2VIoWte1HPDbZ2WqHd2La7	5
7CCn4PFRRRZF127jtCBAUe	2kuNswDC82PL9xRbfaZJaS	4
7CCn4PFRRRZF127jtCBAUe	01hRNr3yF5bYnPq4wZ88iI	3
7CCn4PFRRRZF127jtCBAUe	2IU5UBup85LmAXh5U36DeC	2
7CCn4PFRRRZF127jtCBAUe	6waa8mKu91GjzD4NlONlNJ	1
48YxSlb23RAaCd4RyHcV9V	3UmBeGyNwr4iDWi1vTxWi8	5
48YxSlb23RAaCd4RyHcV9V	4QmkLL9JOqM9dusHS1Hghe	4
48YxSlb23RAaCd4RyHcV9V	2VL8sLEJ6lHEwocjc1pN9w	3
48YxSlb23RAaCd4RyHcV9V	1wCc2Wgga1H8C7u57pcqYk	2
48YxSlb23RAaCd4RyHcV9V	0XTxadWXVyfB8eTIYOjMYj	1
57xdnSVt4ahJCIXYLieQ25	32HPpJAhgnGPT3V7UOggzi	5
57xdnSVt4ahJCIXYLieQ25	3i9hP422d2KMjaupTzBNVS	4
57xdnSVt4ahJCIXYLieQ25	4QmkLL9JOqM9dusHS1Hghe	3
57xdnSVt4ahJCIXYLieQ25	6waa8mKu91GjzD4NlONlNJ	2
57xdnSVt4ahJCIXYLieQ25	2VIoWte1HPDbZ2WqHd2La7	1
4QmkLL9JOqM9dusHS1Hghe	3UmBeGyNwr4iDWi1vTxWi8	5
4QmkLL9JOqM9dusHS1Hghe	3qL4moFMePG5zA87tLcCOM	4
4QmkLL9JOqM9dusHS1Hghe	5gNduPlUGHsgy1w7f71obH	3
4QmkLL9JOqM9dusHS1Hghe	2VL8sLEJ6lHEwocjc1pN9w	2
4QmkLL9JOqM9dusHS1Hghe	41qTjISnBzDLRlrJEJNGKj	1
5U16QlMnlSAhkQxBZpLyLO	1kkpNi8Ii5MhBMxmUhN5g9	5
5U16QlMnlSAhkQxBZpLyLO	1YqGsKpdixxSVgpfaL2AEQ	4
5U16QlMnlSAhkQxBZpLyLO	5mcarhiatlvfCghqcn73rC	3
5U16QlMnlSAhkQxBZpLyLO	2BLpGstUHxDc6vHfBEiaXm	2
5U16QlMnlSAhkQxBZpLyLO	2lxX1ivRYp26soIavdG9bX	1
5GUVj2b1lJ4DolQyHlzyaO	2rc78XDH9zuJP6bm78lU8Z	5
5GUVj2b1lJ4DolQyHlzyaO	2lxX1ivRYp26soIavdG9bX	4
5GUVj2b1lJ4DolQyHlzyaO	2CxLP749mup3ncPrXgCnvU	3
5GUVj2b1lJ4DolQyHlzyaO	7nkLRaWHImCvWGHdNGnhVE	2
5GUVj2b1lJ4DolQyHlzyaO	1CD77o9fbdyQFrHnUPUEsF	1
5BaHqGtf6UAZnHfqdPaTDA	3i9hP422d2KMjaupTzBNVS	5
5BaHqGtf6UAZnHfqdPaTDA	2lxX1ivRYp26soIavdG9bX	4
5BaHqGtf6UAZnHfqdPaTDA	57xdnSVt4ahJCIXYLieQ25	3
5BaHqGtf6UAZnHfqdPaTDA	5U16QlMnlSAhkQxBZpLyLO	2
5BaHqGtf6UAZnHfqdPaTDA	1YqGsKpdixxSVgpfaL2AEQ	1
2kuNswDC82PL9xRbfaZJaS	2IU5UBup85LmAXh5U36DeC	5
2kuNswDC82PL9xRbfaZJaS	4zmxet3ZPdSmL3Xyv1Wegb	4
2kuNswDC82PL9xRbfaZJaS	0XTxadWXVyfB8eTIYOjMYj	3
2kuNswDC82PL9xRbfaZJaS	01hRNr3yF5bYnPq4wZ88iI	2
2kuNswDC82PL9xRbfaZJaS	4ZSzroBNV7HzBDO9aohuF1	1
32HPpJAhgnGPT3V7UOggzi	57xdnSVt4ahJCIXYLieQ25	5
32HPpJAhgnGPT3V7UOggzi	2IU5UBup85LmAXh5U36DeC	4
32HPpJAhgnGPT3V7UOggzi	4zmxet3ZPdSmL3Xyv1Wegb	3
32HPpJAhgnGPT3V7UOggzi	4DQj1q0unpi9KF8jO1Wqks	2
32HPpJAhgnGPT3V7UOggzi	2VIoWte1HPDbZ2WqHd2La7	1
2IU5UBup85LmAXh5U36DeC	01hRNr3yF5bYnPq4wZ88iI	5
2IU5UBup85LmAXh5U36DeC	4zmxet3ZPdSmL3Xyv1Wegb	4
2IU5UBup85LmAXh5U36DeC	32HPpJAhgnGPT3V7UOggzi	3
2IU5UBup85LmAXh5U36DeC	2VIoWte1HPDbZ2WqHd2La7	2
2IU5UBup85LmAXh5U36DeC	2kuNswDC82PL9xRbfaZJaS	1
01hRNr3yF5bYnPq4wZ88iI	2IU5UBup85LmAXh5U36DeC	5
01hRNr3yF5bYnPq4wZ88iI	0XTxadWXVyfB8eTIYOjMYj	4
01hRNr3yF5bYnPq4wZ88iI	2VIoWte1HPDbZ2WqHd2La7	3
01hRNr3yF5bYnPq4wZ88iI	32HPpJAhgnGPT3V7UOggzi	2
01hRNr3yF5bYnPq4wZ88iI	5X3TuTi9OIsJXMGxPwTKM2	1
0Lpr5wXzWLtDWm1SjNbpPb	4pJCawaKSZ40EnxN0YEYw3	5
0Lpr5wXzWLtDWm1SjNbpPb	46njgd2Rq9tZc4ZjeQMgbh	4
0Lpr5wXzWLtDWm1SjNbpPb	3UvcmAOZt64oKpP95f6MMM	3
0Lpr5wXzWLtDWm1SjNbpPb	3RTzAwFprBqiskp550eSJX	2
0Lpr5wXzWLtDWm1SjNbpPb	3BqaUtuQmqIHg7B5Bc7fP7	1
3M8NUieZuEOMs0Hf210w4n	4Q82S0VzF8qlCb4PnSDurj	5
3M8NUieZuEOMs0Hf210w4n	5gl6pfPwJ1coivVUMZPiS9	4
3M8NUieZuEOMs0Hf210w4n	1yap1SgRPMxgyfrrDlQ95y	3
3M8NUieZuEOMs0Hf210w4n	04tBaW21jyUfeP5iqiKBVq	2
3M8NUieZuEOMs0Hf210w4n	5MWBg16f5UYiaSlyVhzlIW	1
5gl6pfPwJ1coivVUMZPiS9	4Q82S0VzF8qlCb4PnSDurj	5
5gl6pfPwJ1coivVUMZPiS9	04zDwTMN8SPPydYIfSeFYf	4
5gl6pfPwJ1coivVUMZPiS9	040Bv6cZTRh30LyyYVXgJX	3
5gl6pfPwJ1coivVUMZPiS9	4O8NcI06slOnzcloI95qfe	2
5gl6pfPwJ1coivVUMZPiS9	1yap1SgRPMxgyfrrDlQ95y	1
3UvcmAOZt64oKpP95f6MMM	7CW5MYWUsyUYiHbiTmVZHe	5
3UvcmAOZt64oKpP95f6MMM	1CYmYyxlWBVY80Kvq5lTDg	4
3UvcmAOZt64oKpP95f6MMM	5UDDnXpPNuL91XxNJLX47f	3
3UvcmAOZt64oKpP95f6MMM	3yesh1QeNXucaDFw8ZPKxd	2
3UvcmAOZt64oKpP95f6MMM	3BqaUtuQmqIHg7B5Bc7fP7	1
7Kkx4dACo6kFSeT9wjfVA5	4pJCawaKSZ40EnxN0YEYw3	5
7Kkx4dACo6kFSeT9wjfVA5	6IpcPRU1kV0J58kd2w8vSC	4
7Kkx4dACo6kFSeT9wjfVA5	0ShV0veaBj1NvWRORhuwlI	3
7Kkx4dACo6kFSeT9wjfVA5	3oFRpiLvaflFOVNxvsLrze	2
7Kkx4dACo6kFSeT9wjfVA5	3UvcmAOZt64oKpP95f6MMM	1
2hO4YtXUFJiUYS2uYFvHNK	7FIoB5PHdrMZVC3q2HE5MS	5
2hO4YtXUFJiUYS2uYFvHNK	4tX2TplrkIP4v05BNC903e	4
2hO4YtXUFJiUYS2uYFvHNK	2UZMlIwnkgAEDBsw1Rejkn	3
2hO4YtXUFJiUYS2uYFvHNK	6DbJi8AcN5ANdtvJcwBSw8	2
2hO4YtXUFJiUYS2uYFvHNK	3sFhA6G1N0gG1pszb6kk1m	1
1gRNBaI4yn6wCCTvRhGWh8	6kEsKkXuE4olX7m3mNLZkS	5
1gRNBaI4yn6wCCTvRhGWh8	42q4Ivs7tAiCZ5C7eG5q4c	4
1gRNBaI4yn6wCCTvRhGWh8	23rleGXVOVVgTk3xgtmfE4	3
1gRNBaI4yn6wCCTvRhGWh8	1R6Hx1tJ2VOUyodEpC12xM	2
1gRNBaI4yn6wCCTvRhGWh8	0vn7UBvSQECKJm2817Yf1P	1
7jefIIksOi1EazgRTfW2Pk	3JsMj0DEzyWc0VDlHuy9Bx	5
7jefIIksOi1EazgRTfW2Pk	6i6WlGzQtXtz7GcC5H5st5	4
7jefIIksOi1EazgRTfW2Pk	3bTAaMx9nf237AkBnGw3vL	3
7jefIIksOi1EazgRTfW2Pk	2m62cc253Xvd9qYQ8d2X3d	2
7jefIIksOi1EazgRTfW2Pk	3sFhA6G1N0gG1pszb6kk1m	1
1C4kZs9XyNnm9HWFng6ZFH	5o1To8xDQy2hlFU4AoyRFf	5
1C4kZs9XyNnm9HWFng6ZFH	5BcZ22XONcRoLhTbZRuME1	4
1C4kZs9XyNnm9HWFng6ZFH	0DW7boyjvbaSP3OJ72sXgC	3
1C4kZs9XyNnm9HWFng6ZFH	3lHXm91pKLq9Sxi6CoRKWu	2
1C4kZs9XyNnm9HWFng6ZFH	3bTAaMx9nf237AkBnGw3vL	1
3lHXm91pKLq9Sxi6CoRKWu	2pVMD4bFwl4AyoYyyo51Qg	5
3lHXm91pKLq9Sxi6CoRKWu	0GoR8CuoikLD53GNMZUGHN	4
3lHXm91pKLq9Sxi6CoRKWu	3bTAaMx9nf237AkBnGw3vL	3
3lHXm91pKLq9Sxi6CoRKWu	2m62cc253Xvd9qYQ8d2X3d	2
3lHXm91pKLq9Sxi6CoRKWu	1C4kZs9XyNnm9HWFng6ZFH	1
27q3FvkUk607B71x6G4rXz	6i8kpDUSsrOOhPHfNYhMeF	5
27q3FvkUk607B71x6G4rXz	0rESpKEusFHxhW59MIf7eM	4
27q3FvkUk607B71x6G4rXz	1KA3WXYMPLxomNuoE22LYd	3
27q3FvkUk607B71x6G4rXz	3QcM2tU8CDY3LyzvwCj1CI	2
27q3FvkUk607B71x6G4rXz	040Bv6cZTRh30LyyYVXgJX	1
6i8kpDUSsrOOhPHfNYhMeF	27q3FvkUk607B71x6G4rXz	5
6i8kpDUSsrOOhPHfNYhMeF	0rESpKEusFHxhW59MIf7eM	4
6i8kpDUSsrOOhPHfNYhMeF	1KA3WXYMPLxomNuoE22LYd	3
6i8kpDUSsrOOhPHfNYhMeF	040Bv6cZTRh30LyyYVXgJX	2
6i8kpDUSsrOOhPHfNYhMeF	70FybmH2MMz9fHewhnLvjs	1
1KA3WXYMPLxomNuoE22LYd	0rESpKEusFHxhW59MIf7eM	5
1KA3WXYMPLxomNuoE22LYd	6i8kpDUSsrOOhPHfNYhMeF	4
1KA3WXYMPLxomNuoE22LYd	040Bv6cZTRh30LyyYVXgJX	3
1KA3WXYMPLxomNuoE22LYd	3ZWab2LEVkNKiBPIClTwof	2
1KA3WXYMPLxomNuoE22LYd	1PCZpxHJz7WAMF8EEq8bfc	1
3Q6OOkfssqoMSTtl11J5Uk	1kkpNi8Ii5MhBMxmUhN5g9	5
3Q6OOkfssqoMSTtl11J5Uk	5U16QlMnlSAhkQxBZpLyLO	4
3Q6OOkfssqoMSTtl11J5Uk	0NHSh9S0VQiFfsEFbvhRXN	3
3Q6OOkfssqoMSTtl11J5Uk	0a63dfrxBQKqh160P8iUNL	2
3Q6OOkfssqoMSTtl11J5Uk	5mcarhiatlvfCghqcn73rC	1
59zdhVoWxSoHMc74n098Re	2E6Roj0oQnJIm2BeXwDica	5
59zdhVoWxSoHMc74n098Re	4WlSvDKaq1PA2Nr7cCIPxX	4
59zdhVoWxSoHMc74n098Re	2mDlls63YpRsMjgpyXxyu6	3
59zdhVoWxSoHMc74n098Re	2pdvghEHZJtgSXZ7cvNLou	2
59zdhVoWxSoHMc74n098Re	3ExrAwcOqgGjt9kFRwdM76	1
4O8NcI06slOnzcloI95qfe	040Bv6cZTRh30LyyYVXgJX	5
4O8NcI06slOnzcloI95qfe	5gl6pfPwJ1coivVUMZPiS9	4
4O8NcI06slOnzcloI95qfe	59zdhVoWxSoHMc74n098Re	3
4O8NcI06slOnzcloI95qfe	3ExrAwcOqgGjt9kFRwdM76	2
4O8NcI06slOnzcloI95qfe	3xmUdkZUQbtMM62XP4nnb6	1
3ExrAwcOqgGjt9kFRwdM76	59zdhVoWxSoHMc74n098Re	5
3ExrAwcOqgGjt9kFRwdM76	4WlSvDKaq1PA2Nr7cCIPxX	4
3ExrAwcOqgGjt9kFRwdM76	70FybmH2MMz9fHewhnLvjs	3
3ExrAwcOqgGjt9kFRwdM76	040Bv6cZTRh30LyyYVXgJX	2
3ExrAwcOqgGjt9kFRwdM76	2E6Roj0oQnJIm2BeXwDica	1
3QcM2tU8CDY3LyzvwCj1CI	040Bv6cZTRh30LyyYVXgJX	5
3QcM2tU8CDY3LyzvwCj1CI	27q3FvkUk607B71x6G4rXz	4
3QcM2tU8CDY3LyzvwCj1CI	0rESpKEusFHxhW59MIf7eM	3
3QcM2tU8CDY3LyzvwCj1CI	5Tic1bWAbmRoLrqaJ5SxU2	2
3QcM2tU8CDY3LyzvwCj1CI	70FybmH2MMz9fHewhnLvjs	1
5I6MzhNEMk27cZsCqGAIYo	0NHSh9S0VQiFfsEFbvhRXN	5
5I6MzhNEMk27cZsCqGAIYo	4DQj1q0unpi9KF8jO1Wqks	4
5I6MzhNEMk27cZsCqGAIYo	0a63dfrxBQKqh160P8iUNL	3
5I6MzhNEMk27cZsCqGAIYo	3eskO5m0H4yiF64vRySBjr	2
5I6MzhNEMk27cZsCqGAIYo	7DCnwoFMqGN6eZULdcLZeL	1
2pdvghEHZJtgSXZ7cvNLou	59zdhVoWxSoHMc74n098Re	5
2pdvghEHZJtgSXZ7cvNLou	2E6Roj0oQnJIm2BeXwDica	4
2pdvghEHZJtgSXZ7cvNLou	2mDlls63YpRsMjgpyXxyu6	3
2pdvghEHZJtgSXZ7cvNLou	4WlSvDKaq1PA2Nr7cCIPxX	2
2pdvghEHZJtgSXZ7cvNLou	3eskO5m0H4yiF64vRySBjr	1
4WlSvDKaq1PA2Nr7cCIPxX	59zdhVoWxSoHMc74n098Re	5
4WlSvDKaq1PA2Nr7cCIPxX	2E6Roj0oQnJIm2BeXwDica	4
4WlSvDKaq1PA2Nr7cCIPxX	2pdvghEHZJtgSXZ7cvNLou	3
4WlSvDKaq1PA2Nr7cCIPxX	2mDlls63YpRsMjgpyXxyu6	2
4WlSvDKaq1PA2Nr7cCIPxX	75vKPpImuKHbtBFV9T7Ygz	1
5670CyWrIOA7702gNjsGMZ	3i9hP422d2KMjaupTzBNVS	5
5670CyWrIOA7702gNjsGMZ	4QmkLL9JOqM9dusHS1Hghe	4
5670CyWrIOA7702gNjsGMZ	2VL8sLEJ6lHEwocjc1pN9w	3
5670CyWrIOA7702gNjsGMZ	6waa8mKu91GjzD4NlONlNJ	2
5670CyWrIOA7702gNjsGMZ	5gNduPlUGHsgy1w7f71obH	1
0XTxadWXVyfB8eTIYOjMYj	0Ma8KxtvoIDSU5fHtuTS9F	5
0XTxadWXVyfB8eTIYOjMYj	0DAqhikcMKLo2lPADVz2fs	4
0XTxadWXVyfB8eTIYOjMYj	4zmxet3ZPdSmL3Xyv1Wegb	3
0XTxadWXVyfB8eTIYOjMYj	01hRNr3yF5bYnPq4wZ88iI	2
0XTxadWXVyfB8eTIYOjMYj	4asCC4oxQcDzFXhCth2SgQ	1
1wCc2Wgga1H8C7u57pcqYk	5gNduPlUGHsgy1w7f71obH	5
1wCc2Wgga1H8C7u57pcqYk	4QmkLL9JOqM9dusHS1Hghe	4
1wCc2Wgga1H8C7u57pcqYk	6B90OW5Tz38W97TVB6stEm	3
1wCc2Wgga1H8C7u57pcqYk	2322gLwXvyJa6PejhOWQEH	2
1wCc2Wgga1H8C7u57pcqYk	2VL8sLEJ6lHEwocjc1pN9w	1
2VL8sLEJ6lHEwocjc1pN9w	4QmkLL9JOqM9dusHS1Hghe	5
2VL8sLEJ6lHEwocjc1pN9w	1wCc2Wgga1H8C7u57pcqYk	4
2VL8sLEJ6lHEwocjc1pN9w	3UmBeGyNwr4iDWi1vTxWi8	3
2VL8sLEJ6lHEwocjc1pN9w	48YxSlb23RAaCd4RyHcV9V	2
2VL8sLEJ6lHEwocjc1pN9w	5gNduPlUGHsgy1w7f71obH	1
3UmBeGyNwr4iDWi1vTxWi8	4QmkLL9JOqM9dusHS1Hghe	5
3UmBeGyNwr4iDWi1vTxWi8	48YxSlb23RAaCd4RyHcV9V	4
3UmBeGyNwr4iDWi1vTxWi8	5gNduPlUGHsgy1w7f71obH	3
3UmBeGyNwr4iDWi1vTxWi8	1wCc2Wgga1H8C7u57pcqYk	2
3UmBeGyNwr4iDWi1vTxWi8	2VL8sLEJ6lHEwocjc1pN9w	1
41qTjISnBzDLRlrJEJNGKj	3qL4moFMePG5zA87tLcCOM	5
41qTjISnBzDLRlrJEJNGKj	4QmkLL9JOqM9dusHS1Hghe	4
41qTjISnBzDLRlrJEJNGKj	3LUkBWNeAcbLju5dL8poH3	3
41qTjISnBzDLRlrJEJNGKj	6G18NLfr5luyGYgMKIupm3	2
41qTjISnBzDLRlrJEJNGKj	6B90OW5Tz38W97TVB6stEm	1
5gNduPlUGHsgy1w7f71obH	4QmkLL9JOqM9dusHS1Hghe	5
5gNduPlUGHsgy1w7f71obH	3UmBeGyNwr4iDWi1vTxWi8	4
5gNduPlUGHsgy1w7f71obH	2VL8sLEJ6lHEwocjc1pN9w	3
5gNduPlUGHsgy1w7f71obH	1wCc2Wgga1H8C7u57pcqYk	2
5gNduPlUGHsgy1w7f71obH	6B90OW5Tz38W97TVB6stEm	1
3qL4moFMePG5zA87tLcCOM	41qTjISnBzDLRlrJEJNGKj	5
3qL4moFMePG5zA87tLcCOM	4QmkLL9JOqM9dusHS1Hghe	4
3qL4moFMePG5zA87tLcCOM	5gNduPlUGHsgy1w7f71obH	3
3qL4moFMePG5zA87tLcCOM	3UmBeGyNwr4iDWi1vTxWi8	2
3qL4moFMePG5zA87tLcCOM	3LUkBWNeAcbLju5dL8poH3	1
2BLpGstUHxDc6vHfBEiaXm	04eUV5Ml7cff2sEJEwll6G	5
2BLpGstUHxDc6vHfBEiaXm	5U16QlMnlSAhkQxBZpLyLO	4
2BLpGstUHxDc6vHfBEiaXm	5ZAJk1ODdFHQo9yG0lDV18	3
2BLpGstUHxDc6vHfBEiaXm	1YqGsKpdixxSVgpfaL2AEQ	2
2BLpGstUHxDc6vHfBEiaXm	52qIEkVQA2MzMZKtIEuWAf	1
5mcarhiatlvfCghqcn73rC	57WXdjUf5Vlq3klNZegeTP	5
5mcarhiatlvfCghqcn73rC	1kkpNi8Ii5MhBMxmUhN5g9	4
5mcarhiatlvfCghqcn73rC	0BNTrhhkZLsbcWAidMz98A	3
5mcarhiatlvfCghqcn73rC	3ZZHB1Xh2PM88QTMiqHB62	2
5mcarhiatlvfCghqcn73rC	0NRN3tnDVDspHMCfyu2ZwT	1
1kkpNi8Ii5MhBMxmUhN5g9	5mcarhiatlvfCghqcn73rC	5
1kkpNi8Ii5MhBMxmUhN5g9	1nyQBzKgZ2hBLr7PnyV7cI	4
1kkpNi8Ii5MhBMxmUhN5g9	2z4eiJkDaXYCR9kv2UuSgz	3
1kkpNi8Ii5MhBMxmUhN5g9	7xYxgSJaIf7yOFLmknYX38	2
1kkpNi8Ii5MhBMxmUhN5g9	0BNTrhhkZLsbcWAidMz98A	1
1CD77o9fbdyQFrHnUPUEsF	5GUVj2b1lJ4DolQyHlzyaO	5
1CD77o9fbdyQFrHnUPUEsF	5q9nLsvWwbSUW1kRyhZLAx	4
1CD77o9fbdyQFrHnUPUEsF	2lxX1ivRYp26soIavdG9bX	3
1CD77o9fbdyQFrHnUPUEsF	24GaH9tRBgZjlvOhpFuKi2	2
1CD77o9fbdyQFrHnUPUEsF	2CxLP749mup3ncPrXgCnvU	1
7nkLRaWHImCvWGHdNGnhVE	2ScuQMRWThcifBRIvNDFDC	5
7nkLRaWHImCvWGHdNGnhVE	17obwOahRWI121iMUZznh2	4
7nkLRaWHImCvWGHdNGnhVE	2CxLP749mup3ncPrXgCnvU	3
7nkLRaWHImCvWGHdNGnhVE	2ODUxmFxJSyvGiimNhMHbO	2
7nkLRaWHImCvWGHdNGnhVE	7LCp4MN0SOIVWlssid9KyE	1
2CxLP749mup3ncPrXgCnvU	17obwOahRWI121iMUZznh2	5
2CxLP749mup3ncPrXgCnvU	2e53aHBQdCMKWqHDuyJsjC	4
2CxLP749mup3ncPrXgCnvU	7LCp4MN0SOIVWlssid9KyE	3
2CxLP749mup3ncPrXgCnvU	5IjFZHS2iHNl5pMwLzDySP	2
2CxLP749mup3ncPrXgCnvU	7nkLRaWHImCvWGHdNGnhVE	1
2rc78XDH9zuJP6bm78lU8Z	5GUVj2b1lJ4DolQyHlzyaO	5
2rc78XDH9zuJP6bm78lU8Z	2ScuQMRWThcifBRIvNDFDC	4
2rc78XDH9zuJP6bm78lU8Z	7nkLRaWHImCvWGHdNGnhVE	3
2rc78XDH9zuJP6bm78lU8Z	3keUIwmPM4awpPxiy9ZQ1m	2
2rc78XDH9zuJP6bm78lU8Z	2ODUxmFxJSyvGiimNhMHbO	1
4ZSzroBNV7HzBDO9aohuF1	4zmxet3ZPdSmL3Xyv1Wegb	5
4ZSzroBNV7HzBDO9aohuF1	2IU5UBup85LmAXh5U36DeC	4
4ZSzroBNV7HzBDO9aohuF1	0XTxadWXVyfB8eTIYOjMYj	3
4ZSzroBNV7HzBDO9aohuF1	01hRNr3yF5bYnPq4wZ88iI	2
4ZSzroBNV7HzBDO9aohuF1	2kuNswDC82PL9xRbfaZJaS	1
4zmxet3ZPdSmL3Xyv1Wegb	0XTxadWXVyfB8eTIYOjMYj	5
4zmxet3ZPdSmL3Xyv1Wegb	2IU5UBup85LmAXh5U36DeC	4
4zmxet3ZPdSmL3Xyv1Wegb	0Ma8KxtvoIDSU5fHtuTS9F	3
4zmxet3ZPdSmL3Xyv1Wegb	4ZSzroBNV7HzBDO9aohuF1	2
4zmxet3ZPdSmL3Xyv1Wegb	01hRNr3yF5bYnPq4wZ88iI	1
4DQj1q0unpi9KF8jO1Wqks	32HPpJAhgnGPT3V7UOggzi	5
4DQj1q0unpi9KF8jO1Wqks	5I6MzhNEMk27cZsCqGAIYo	4
4DQj1q0unpi9KF8jO1Wqks	382aCtCMEd2Rg2DmcU9xw9	3
4DQj1q0unpi9KF8jO1Wqks	4qnb4cn5aykCACoyuCirGg	2
4DQj1q0unpi9KF8jO1Wqks	0NHSh9S0VQiFfsEFbvhRXN	1
5X3TuTi9OIsJXMGxPwTKM2	0Ma8KxtvoIDSU5fHtuTS9F	5
5X3TuTi9OIsJXMGxPwTKM2	0XTxadWXVyfB8eTIYOjMYj	4
5X3TuTi9OIsJXMGxPwTKM2	0DAqhikcMKLo2lPADVz2fs	3
5X3TuTi9OIsJXMGxPwTKM2	3TiISqKS6ESlMQ4WFfZJw2	2
5X3TuTi9OIsJXMGxPwTKM2	01hRNr3yF5bYnPq4wZ88iI	1
3BqaUtuQmqIHg7B5Bc7fP7	4eBRIkqBA2GyYKzLvXD9a4	5
3BqaUtuQmqIHg7B5Bc7fP7	65Gh3BfK84aTIugiRCgLBA	4
3BqaUtuQmqIHg7B5Bc7fP7	6c8INA1EQQe9TkukfEdiCA	3
3BqaUtuQmqIHg7B5Bc7fP7	2CZj6Atoe6w2JhkMQnOEXo	2
3BqaUtuQmqIHg7B5Bc7fP7	722MDCdw3Ee4SdESC4uy38	1
46njgd2Rq9tZc4ZjeQMgbh	6jdObwsrIjSRnBbMw6lPBj	5
46njgd2Rq9tZc4ZjeQMgbh	3Y5abCLsMxsOLaZ8rYusSR	4
46njgd2Rq9tZc4ZjeQMgbh	0J2Ej2rMQyqaUX3G6MUISw	3
46njgd2Rq9tZc4ZjeQMgbh	7emRV8AluG3d4e5T0DZiK9	2
46njgd2Rq9tZc4ZjeQMgbh	6clbbhnIqpHnqxwtOWcilg	1
5MWBg16f5UYiaSlyVhzlIW	5iksmHDN2qZQcgFfXqIXtT	5
5MWBg16f5UYiaSlyVhzlIW	04tBaW21jyUfeP5iqiKBVq	4
5MWBg16f5UYiaSlyVhzlIW	4l8xPGtl6DHR2uvunqrl8r	3
5MWBg16f5UYiaSlyVhzlIW	5k5yIvxtsqHqWrRBF3nhSY	2
5MWBg16f5UYiaSlyVhzlIW	3V4FPipSnuYjtHnnAw9cZd	1
04tBaW21jyUfeP5iqiKBVq	5MWBg16f5UYiaSlyVhzlIW	5
04tBaW21jyUfeP5iqiKBVq	49WlsIvcUYj7Awo93hDKgf	4
04tBaW21jyUfeP5iqiKBVq	2aVHDjRHRM7dcFkGwahXLG	3
04tBaW21jyUfeP5iqiKBVq	5iksmHDN2qZQcgFfXqIXtT	2
04tBaW21jyUfeP5iqiKBVq	6zHRqvws8dVeqL8D31ponr	1
1yap1SgRPMxgyfrrDlQ95y	040Bv6cZTRh30LyyYVXgJX	5
1yap1SgRPMxgyfrrDlQ95y	5gl6pfPwJ1coivVUMZPiS9	4
1yap1SgRPMxgyfrrDlQ95y	27DCwiPx5ocQsf4K43SlIL	3
1yap1SgRPMxgyfrrDlQ95y	3SMY2MGuaUOhuPpgRn6clw	2
1yap1SgRPMxgyfrrDlQ95y	3M8NUieZuEOMs0Hf210w4n	1
04zDwTMN8SPPydYIfSeFYf	5gl6pfPwJ1coivVUMZPiS9	5
04zDwTMN8SPPydYIfSeFYf	4Q82S0VzF8qlCb4PnSDurj	4
04zDwTMN8SPPydYIfSeFYf	0yiSGGu3grpaH56F9znIeU	3
04zDwTMN8SPPydYIfSeFYf	6X9rzvFSffHT68gJRZqCAu	2
04zDwTMN8SPPydYIfSeFYf	2RnjzTi9pBPXEqOtKh4OPj	1
3yesh1QeNXucaDFw8ZPKxd	4WquJweZPIK9qcfVFhTKvf	5
3yesh1QeNXucaDFw8ZPKxd	46hWN2cZ7MboMi8eUmxttj	4
3yesh1QeNXucaDFw8ZPKxd	7CW5MYWUsyUYiHbiTmVZHe	3
3yesh1QeNXucaDFw8ZPKxd	298i00ena8XMnm9O3qlHtU	2
3yesh1QeNXucaDFw8ZPKxd	2Ohpu0UE5PFDgfhUxEi0Fy	1
5UDDnXpPNuL91XxNJLX47f	7CW5MYWUsyUYiHbiTmVZHe	5
5UDDnXpPNuL91XxNJLX47f	3UvcmAOZt64oKpP95f6MMM	4
5UDDnXpPNuL91XxNJLX47f	1CYmYyxlWBVY80Kvq5lTDg	3
5UDDnXpPNuL91XxNJLX47f	6IpcPRU1kV0J58kd2w8vSC	2
5UDDnXpPNuL91XxNJLX47f	2Sp19cOHSqAUlE64hekARW	1
1CYmYyxlWBVY80Kvq5lTDg	6HRtcKFPKPw6FtbGpvQviZ	5
1CYmYyxlWBVY80Kvq5lTDg	7CW5MYWUsyUYiHbiTmVZHe	4
1CYmYyxlWBVY80Kvq5lTDg	3aCS3JvkoSr84i7ge9pA9o	3
1CYmYyxlWBVY80Kvq5lTDg	3oFRpiLvaflFOVNxvsLrze	2
1CYmYyxlWBVY80Kvq5lTDg	3UvcmAOZt64oKpP95f6MMM	1
7CW5MYWUsyUYiHbiTmVZHe	3UvcmAOZt64oKpP95f6MMM	5
7CW5MYWUsyUYiHbiTmVZHe	5UDDnXpPNuL91XxNJLX47f	4
7CW5MYWUsyUYiHbiTmVZHe	1CYmYyxlWBVY80Kvq5lTDg	3
7CW5MYWUsyUYiHbiTmVZHe	1i7YYagcULgnW5Qilsto1d	2
7CW5MYWUsyUYiHbiTmVZHe	3yesh1QeNXucaDFw8ZPKxd	1
3oFRpiLvaflFOVNxvsLrze	3MBZ7cW7vbWlM9YMYaXE9n	5
3oFRpiLvaflFOVNxvsLrze	0ShV0veaBj1NvWRORhuwlI	4
3oFRpiLvaflFOVNxvsLrze	6IpcPRU1kV0J58kd2w8vSC	3
3oFRpiLvaflFOVNxvsLrze	5GdL3YywdzweoBs0So2wYM	2
3oFRpiLvaflFOVNxvsLrze	7BnikuGfXRWkGLJCWS1y9P	1
0ShV0veaBj1NvWRORhuwlI	3MBZ7cW7vbWlM9YMYaXE9n	5
0ShV0veaBj1NvWRORhuwlI	3oFRpiLvaflFOVNxvsLrze	4
0ShV0veaBj1NvWRORhuwlI	2kDyODn1VxVZXZQxsEvHFG	3
0ShV0veaBj1NvWRORhuwlI	1hWcYskBVGhbLnJVV8UR3x	2
0ShV0veaBj1NvWRORhuwlI	6fW8NRC1UOz5iXvjy4lqh9	1
6IpcPRU1kV0J58kd2w8vSC	3oFRpiLvaflFOVNxvsLrze	5
6IpcPRU1kV0J58kd2w8vSC	3MBZ7cW7vbWlM9YMYaXE9n	4
6IpcPRU1kV0J58kd2w8vSC	0ShV0veaBj1NvWRORhuwlI	3
6IpcPRU1kV0J58kd2w8vSC	298i00ena8XMnm9O3qlHtU	2
6IpcPRU1kV0J58kd2w8vSC	7Kkx4dACo6kFSeT9wjfVA5	1
2UZMlIwnkgAEDBsw1Rejkn	4tX2TplrkIP4v05BNC903e	5
2UZMlIwnkgAEDBsw1Rejkn	3lPQ2Fk5JOwGWAF3ORFCqH	4
2UZMlIwnkgAEDBsw1Rejkn	2hO4YtXUFJiUYS2uYFvHNK	3
2UZMlIwnkgAEDBsw1Rejkn	5lkiCO9UQ8B23dZ1o0UV4m	2
2UZMlIwnkgAEDBsw1Rejkn	6QtGlUje9TIkLrgPZrESuk	1
4tX2TplrkIP4v05BNC903e	2UZMlIwnkgAEDBsw1Rejkn	5
4tX2TplrkIP4v05BNC903e	3lPQ2Fk5JOwGWAF3ORFCqH	4
4tX2TplrkIP4v05BNC903e	6QtGlUje9TIkLrgPZrESuk	3
4tX2TplrkIP4v05BNC903e	2hO4YtXUFJiUYS2uYFvHNK	2
4tX2TplrkIP4v05BNC903e	5bDxAyJiTYBat1YnFJhvEK	1
0vn7UBvSQECKJm2817Yf1P	5lkiCO9UQ8B23dZ1o0UV4m	5
0vn7UBvSQECKJm2817Yf1P	319yZVtYM9MBGqmSQnMyY6	4
0vn7UBvSQECKJm2817Yf1P	1R6Hx1tJ2VOUyodEpC12xM	3
0vn7UBvSQECKJm2817Yf1P	0cA5Tg15TwARIRZeiNT1RO	2
0vn7UBvSQECKJm2817Yf1P	23rleGXVOVVgTk3xgtmfE4	1
1R6Hx1tJ2VOUyodEpC12xM	42q4Ivs7tAiCZ5C7eG5q4c	5
1R6Hx1tJ2VOUyodEpC12xM	23rleGXVOVVgTk3xgtmfE4	4
1R6Hx1tJ2VOUyodEpC12xM	0vn7UBvSQECKJm2817Yf1P	3
1R6Hx1tJ2VOUyodEpC12xM	1gRNBaI4yn6wCCTvRhGWh8	2
1R6Hx1tJ2VOUyodEpC12xM	0cA5Tg15TwARIRZeiNT1RO	1
23rleGXVOVVgTk3xgtmfE4	42q4Ivs7tAiCZ5C7eG5q4c	5
23rleGXVOVVgTk3xgtmfE4	1R6Hx1tJ2VOUyodEpC12xM	4
23rleGXVOVVgTk3xgtmfE4	0cA5Tg15TwARIRZeiNT1RO	3
23rleGXVOVVgTk3xgtmfE4	6yrBBtqX2gKCHCrZOYBDrB	2
23rleGXVOVVgTk3xgtmfE4	6jdObwsrIjSRnBbMw6lPBj	1
42q4Ivs7tAiCZ5C7eG5q4c	1R6Hx1tJ2VOUyodEpC12xM	5
42q4Ivs7tAiCZ5C7eG5q4c	23rleGXVOVVgTk3xgtmfE4	4
42q4Ivs7tAiCZ5C7eG5q4c	0cA5Tg15TwARIRZeiNT1RO	3
42q4Ivs7tAiCZ5C7eG5q4c	1gRNBaI4yn6wCCTvRhGWh8	2
42q4Ivs7tAiCZ5C7eG5q4c	0vn7UBvSQECKJm2817Yf1P	1
6kEsKkXuE4olX7m3mNLZkS	0cA5Tg15TwARIRZeiNT1RO	5
6kEsKkXuE4olX7m3mNLZkS	1gRNBaI4yn6wCCTvRhGWh8	4
6kEsKkXuE4olX7m3mNLZkS	4FtSnMlCVxCswABUmdhwpm	3
6kEsKkXuE4olX7m3mNLZkS	0DW7boyjvbaSP3OJ72sXgC	2
6kEsKkXuE4olX7m3mNLZkS	4HVmeVTQBgvTuvjB1JYwaf	1
2m62cc253Xvd9qYQ8d2X3d	3JsMj0DEzyWc0VDlHuy9Bx	5
2m62cc253Xvd9qYQ8d2X3d	3CkvROUTQ6nRi9yQOcsB50	4
2m62cc253Xvd9qYQ8d2X3d	2utNxkLhreF1oIfO8kQT3q	3
2m62cc253Xvd9qYQ8d2X3d	7AC976RDJzL2asmZuz7qil	2
2m62cc253Xvd9qYQ8d2X3d	2pVMD4bFwl4AyoYyyo51Qg	1
6i6WlGzQtXtz7GcC5H5st5	0DW7boyjvbaSP3OJ72sXgC	5
6i6WlGzQtXtz7GcC5H5st5	7tjbDPvrdvDshcpEMXKRVb	4
6i6WlGzQtXtz7GcC5H5st5	2utNxkLhreF1oIfO8kQT3q	3
6i6WlGzQtXtz7GcC5H5st5	7jefIIksOi1EazgRTfW2Pk	2
6i6WlGzQtXtz7GcC5H5st5	02zGgCB9SiSPeDYMfwPJXK	1
3JsMj0DEzyWc0VDlHuy9Bx	2m62cc253Xvd9qYQ8d2X3d	5
3JsMj0DEzyWc0VDlHuy9Bx	3CkvROUTQ6nRi9yQOcsB50	4
3JsMj0DEzyWc0VDlHuy9Bx	6i6WlGzQtXtz7GcC5H5st5	3
3JsMj0DEzyWc0VDlHuy9Bx	2utNxkLhreF1oIfO8kQT3q	2
3JsMj0DEzyWc0VDlHuy9Bx	7AC976RDJzL2asmZuz7qil	1
0DW7boyjvbaSP3OJ72sXgC	7tjbDPvrdvDshcpEMXKRVb	5
0DW7boyjvbaSP3OJ72sXgC	1C4kZs9XyNnm9HWFng6ZFH	4
0DW7boyjvbaSP3OJ72sXgC	6kEsKkXuE4olX7m3mNLZkS	3
0DW7boyjvbaSP3OJ72sXgC	3lHXm91pKLq9Sxi6CoRKWu	2
0DW7boyjvbaSP3OJ72sXgC	0cA5Tg15TwARIRZeiNT1RO	1
5BcZ22XONcRoLhTbZRuME1	0GbqW5TJr7n4is453VOY4C	5
5BcZ22XONcRoLhTbZRuME1	1C4kZs9XyNnm9HWFng6ZFH	4
5BcZ22XONcRoLhTbZRuME1	6w6z8m4WXX7Tub4Rb6Lu7R	3
5BcZ22XONcRoLhTbZRuME1	0nCiidE5GgDrc5kWN3NZgZ	2
5BcZ22XONcRoLhTbZRuME1	2pVMD4bFwl4AyoYyyo51Qg	1
5o1To8xDQy2hlFU4AoyRFf	1C4kZs9XyNnm9HWFng6ZFH	5
5o1To8xDQy2hlFU4AoyRFf	6WtbTdrePgFtJ26EC2K1IH	4
5o1To8xDQy2hlFU4AoyRFf	4CPCryKuTNNCSWoL8DEqNb	3
5o1To8xDQy2hlFU4AoyRFf	5BcZ22XONcRoLhTbZRuME1	2
5o1To8xDQy2hlFU4AoyRFf	3bTAaMx9nf237AkBnGw3vL	1
0GoR8CuoikLD53GNMZUGHN	4vs7NIU7kZc2Efh6yOGKEZ	5
0GoR8CuoikLD53GNMZUGHN	6VWHWGvsfZm3cOsRCOqwq6	4
0GoR8CuoikLD53GNMZUGHN	6W7XIO8Ua1RIisnSf0QIoI	3
0GoR8CuoikLD53GNMZUGHN	2iptQ8hQmUa7kZocEBHt7u	2
0GoR8CuoikLD53GNMZUGHN	2XTWgA3XVWe1N4qWBTNQei	1
2pVMD4bFwl4AyoYyyo51Qg	7dtYyLTWjuZGOcweC3eD2f	5
2pVMD4bFwl4AyoYyyo51Qg	3Uz6jx81OY2J5K8Z4wmy2P	4
2pVMD4bFwl4AyoYyyo51Qg	2utNxkLhreF1oIfO8kQT3q	3
2pVMD4bFwl4AyoYyyo51Qg	5kwbFaRKf9HCFGrJPacZ7s	2
2pVMD4bFwl4AyoYyyo51Qg	3lHXm91pKLq9Sxi6CoRKWu	1
70FybmH2MMz9fHewhnLvjs	3ExrAwcOqgGjt9kFRwdM76	5
70FybmH2MMz9fHewhnLvjs	6hPc7dyXAey1c44DfQkPqn	4
70FybmH2MMz9fHewhnLvjs	0rjpJb7rUMt806t6RCf8ch	3
70FybmH2MMz9fHewhnLvjs	0fyqyjD7pbaVzbu94ylWQR	2
70FybmH2MMz9fHewhnLvjs	6Owil7XUQjKn5rnhhcBelK	1
3ZWab2LEVkNKiBPIClTwof	0Ekfvspc0hlcxdfJJVjcnq	5
3ZWab2LEVkNKiBPIClTwof	0nJUwPwC9Ti4vvuJ0q3MfT	4
3ZWab2LEVkNKiBPIClTwof	1TlScGwN8MmIZ7kIYGjSZA	3
3ZWab2LEVkNKiBPIClTwof	1KA3WXYMPLxomNuoE22LYd	2
3ZWab2LEVkNKiBPIClTwof	6UWifcscEdbjPgmbevBxZV	1
0a63dfrxBQKqh160P8iUNL	0NHSh9S0VQiFfsEFbvhRXN	5
0a63dfrxBQKqh160P8iUNL	7DCnwoFMqGN6eZULdcLZeL	4
0a63dfrxBQKqh160P8iUNL	1nyQBzKgZ2hBLr7PnyV7cI	3
0a63dfrxBQKqh160P8iUNL	1kkpNi8Ii5MhBMxmUhN5g9	2
0a63dfrxBQKqh160P8iUNL	2qFr8w5sWUITRlzZ9kZotF	1
0NHSh9S0VQiFfsEFbvhRXN	0a63dfrxBQKqh160P8iUNL	5
0NHSh9S0VQiFfsEFbvhRXN	7DCnwoFMqGN6eZULdcLZeL	4
0NHSh9S0VQiFfsEFbvhRXN	5q9nLsvWwbSUW1kRyhZLAx	3
0NHSh9S0VQiFfsEFbvhRXN	3Q6OOkfssqoMSTtl11J5Uk	2
0NHSh9S0VQiFfsEFbvhRXN	5I6MzhNEMk27cZsCqGAIYo	1
2mDlls63YpRsMjgpyXxyu6	59zdhVoWxSoHMc74n098Re	5
2mDlls63YpRsMjgpyXxyu6	2E6Roj0oQnJIm2BeXwDica	4
2mDlls63YpRsMjgpyXxyu6	2pdvghEHZJtgSXZ7cvNLou	3
2mDlls63YpRsMjgpyXxyu6	4WlSvDKaq1PA2Nr7cCIPxX	2
2mDlls63YpRsMjgpyXxyu6	0fyqyjD7pbaVzbu94ylWQR	1
2E6Roj0oQnJIm2BeXwDica	59zdhVoWxSoHMc74n098Re	5
2E6Roj0oQnJIm2BeXwDica	4WlSvDKaq1PA2Nr7cCIPxX	4
2E6Roj0oQnJIm2BeXwDica	2pdvghEHZJtgSXZ7cvNLou	3
2E6Roj0oQnJIm2BeXwDica	2mDlls63YpRsMjgpyXxyu6	2
2E6Roj0oQnJIm2BeXwDica	3ExrAwcOqgGjt9kFRwdM76	1
3xmUdkZUQbtMM62XP4nnb6	39GVRVaqlKh7JL8Yl5ZKcb	5
3xmUdkZUQbtMM62XP4nnb6	040Bv6cZTRh30LyyYVXgJX	4
3xmUdkZUQbtMM62XP4nnb6	6vI5AwXkw8IFD7zsw6NkTp	3
3xmUdkZUQbtMM62XP4nnb6	5TNmizItgJPfvCoPKXAMGz	2
3xmUdkZUQbtMM62XP4nnb6	6zHRqvws8dVeqL8D31ponr	1
5Tic1bWAbmRoLrqaJ5SxU2	040Bv6cZTRh30LyyYVXgJX	5
5Tic1bWAbmRoLrqaJ5SxU2	3ExrAwcOqgGjt9kFRwdM76	4
5Tic1bWAbmRoLrqaJ5SxU2	3QcM2tU8CDY3LyzvwCj1CI	3
5Tic1bWAbmRoLrqaJ5SxU2	70FybmH2MMz9fHewhnLvjs	2
5Tic1bWAbmRoLrqaJ5SxU2	0rESpKEusFHxhW59MIf7eM	1
7DCnwoFMqGN6eZULdcLZeL	0a63dfrxBQKqh160P8iUNL	5
7DCnwoFMqGN6eZULdcLZeL	0NHSh9S0VQiFfsEFbvhRXN	4
7DCnwoFMqGN6eZULdcLZeL	5q9nLsvWwbSUW1kRyhZLAx	3
7DCnwoFMqGN6eZULdcLZeL	0vIMq3W8V63uR4Ymgm2pF1	2
7DCnwoFMqGN6eZULdcLZeL	0Cob8rMmlxp4OtRYaVKGY8	1
75vKPpImuKHbtBFV9T7Ygz	4WlSvDKaq1PA2Nr7cCIPxX	5
75vKPpImuKHbtBFV9T7Ygz	59zdhVoWxSoHMc74n098Re	4
75vKPpImuKHbtBFV9T7Ygz	2E6Roj0oQnJIm2BeXwDica	3
75vKPpImuKHbtBFV9T7Ygz	3ExrAwcOqgGjt9kFRwdM76	2
75vKPpImuKHbtBFV9T7Ygz	2mDlls63YpRsMjgpyXxyu6	1
4asCC4oxQcDzFXhCth2SgQ	0XTxadWXVyfB8eTIYOjMYj	5
4asCC4oxQcDzFXhCth2SgQ	0Ma8KxtvoIDSU5fHtuTS9F	4
4asCC4oxQcDzFXhCth2SgQ	0DAqhikcMKLo2lPADVz2fs	3
4asCC4oxQcDzFXhCth2SgQ	4zmxet3ZPdSmL3Xyv1Wegb	2
4asCC4oxQcDzFXhCth2SgQ	01hRNr3yF5bYnPq4wZ88iI	1
0DAqhikcMKLo2lPADVz2fs	0Ma8KxtvoIDSU5fHtuTS9F	5
0DAqhikcMKLo2lPADVz2fs	0XTxadWXVyfB8eTIYOjMYj	4
0DAqhikcMKLo2lPADVz2fs	3TiISqKS6ESlMQ4WFfZJw2	3
0DAqhikcMKLo2lPADVz2fs	5X3TuTi9OIsJXMGxPwTKM2	2
0DAqhikcMKLo2lPADVz2fs	4zmxet3ZPdSmL3Xyv1Wegb	1
0Ma8KxtvoIDSU5fHtuTS9F	0DAqhikcMKLo2lPADVz2fs	5
0Ma8KxtvoIDSU5fHtuTS9F	0XTxadWXVyfB8eTIYOjMYj	4
0Ma8KxtvoIDSU5fHtuTS9F	4zmxet3ZPdSmL3Xyv1Wegb	3
0Ma8KxtvoIDSU5fHtuTS9F	5ojumrbWWohLIuzArVoyDs	2
0Ma8KxtvoIDSU5fHtuTS9F	5X3TuTi9OIsJXMGxPwTKM2	1
2322gLwXvyJa6PejhOWQEH	1wCc2Wgga1H8C7u57pcqYk	5
2322gLwXvyJa6PejhOWQEH	6B90OW5Tz38W97TVB6stEm	4
2322gLwXvyJa6PejhOWQEH	41qTjISnBzDLRlrJEJNGKj	3
2322gLwXvyJa6PejhOWQEH	4QmkLL9JOqM9dusHS1Hghe	2
2322gLwXvyJa6PejhOWQEH	5gNduPlUGHsgy1w7f71obH	1
6B90OW5Tz38W97TVB6stEm	27up4HDNmGpKK60gRie2tB	5
6B90OW5Tz38W97TVB6stEm	5gNduPlUGHsgy1w7f71obH	4
6B90OW5Tz38W97TVB6stEm	1wCc2Wgga1H8C7u57pcqYk	3
6B90OW5Tz38W97TVB6stEm	41qTjISnBzDLRlrJEJNGKj	2
6B90OW5Tz38W97TVB6stEm	2322gLwXvyJa6PejhOWQEH	1
6G18NLfr5luyGYgMKIupm3	41qTjISnBzDLRlrJEJNGKj	5
6G18NLfr5luyGYgMKIupm3	27up4HDNmGpKK60gRie2tB	4
6G18NLfr5luyGYgMKIupm3	4xzeOvWTraQHZgxOgpz59N	3
6G18NLfr5luyGYgMKIupm3	3qL4moFMePG5zA87tLcCOM	2
6G18NLfr5luyGYgMKIupm3	6B90OW5Tz38W97TVB6stEm	1
3LUkBWNeAcbLju5dL8poH3	41qTjISnBzDLRlrJEJNGKj	5
3LUkBWNeAcbLju5dL8poH3	3qL4moFMePG5zA87tLcCOM	4
3LUkBWNeAcbLju5dL8poH3	2VkASgJ3IjpMHG5aYXx4t2	3
3LUkBWNeAcbLju5dL8poH3	5gNduPlUGHsgy1w7f71obH	2
3LUkBWNeAcbLju5dL8poH3	3Y9xnCbmXGhmpJymwpnxCz	1
52qIEkVQA2MzMZKtIEuWAf	7823Dim2TzjiQQ9wRQxyi9	5
52qIEkVQA2MzMZKtIEuWAf	3bTAaMx9nf237AkBnGw3vL	4
52qIEkVQA2MzMZKtIEuWAf	2BLpGstUHxDc6vHfBEiaXm	3
52qIEkVQA2MzMZKtIEuWAf	1Ov9t7KbQF0oz9B4JsMfV2	2
52qIEkVQA2MzMZKtIEuWAf	2jzjxYOe3G5aeucbMg0Smp	1
5ZAJk1ODdFHQo9yG0lDV18	1xFlETovgg8xrKjdN45zZi	5
5ZAJk1ODdFHQo9yG0lDV18	58JzaTbARHUNHnKoyKNr4P	4
5ZAJk1ODdFHQo9yG0lDV18	6c3Aw3EK0gp2WAeIYFhrU3	3
5ZAJk1ODdFHQo9yG0lDV18	2lsMbm0cnSilhA7gZq5d36	2
5ZAJk1ODdFHQo9yG0lDV18	7FGREdEAUNWBlLvNx72DAT	1
04eUV5Ml7cff2sEJEwll6G	5ZAJk1ODdFHQo9yG0lDV18	5
04eUV5Ml7cff2sEJEwll6G	1xFlETovgg8xrKjdN45zZi	4
04eUV5Ml7cff2sEJEwll6G	2BLpGstUHxDc6vHfBEiaXm	3
04eUV5Ml7cff2sEJEwll6G	2VbMLDe7SzaN1Pw1hFMgva	2
04eUV5Ml7cff2sEJEwll6G	7FGREdEAUNWBlLvNx72DAT	1
0NRN3tnDVDspHMCfyu2ZwT	4BM6qze88exQPVILQpcYpj	5
0NRN3tnDVDspHMCfyu2ZwT	57WXdjUf5Vlq3klNZegeTP	4
0NRN3tnDVDspHMCfyu2ZwT	7peASGSN6FkIFQ3XjLfBtB	3
0NRN3tnDVDspHMCfyu2ZwT	5mcarhiatlvfCghqcn73rC	2
0NRN3tnDVDspHMCfyu2ZwT	0BNTrhhkZLsbcWAidMz98A	1
3ZZHB1Xh2PM88QTMiqHB62	57WXdjUf5Vlq3klNZegeTP	5
3ZZHB1Xh2PM88QTMiqHB62	5mcarhiatlvfCghqcn73rC	4
3ZZHB1Xh2PM88QTMiqHB62	4BM6qze88exQPVILQpcYpj	3
3ZZHB1Xh2PM88QTMiqHB62	32HPpJAhgnGPT3V7UOggzi	2
3ZZHB1Xh2PM88QTMiqHB62	0NRN3tnDVDspHMCfyu2ZwT	1
0BNTrhhkZLsbcWAidMz98A	57WXdjUf5Vlq3klNZegeTP	5
0BNTrhhkZLsbcWAidMz98A	5mcarhiatlvfCghqcn73rC	4
0BNTrhhkZLsbcWAidMz98A	7peASGSN6FkIFQ3XjLfBtB	3
0BNTrhhkZLsbcWAidMz98A	5ec3hLZJXSqB1w0GGG55Mr	2
0BNTrhhkZLsbcWAidMz98A	6wvtyGNtNtLlkHONVzOocm	1
57WXdjUf5Vlq3klNZegeTP	5mcarhiatlvfCghqcn73rC	5
57WXdjUf5Vlq3klNZegeTP	0BNTrhhkZLsbcWAidMz98A	4
57WXdjUf5Vlq3klNZegeTP	7peASGSN6FkIFQ3XjLfBtB	3
57WXdjUf5Vlq3klNZegeTP	4BM6qze88exQPVILQpcYpj	2
57WXdjUf5Vlq3klNZegeTP	5ec3hLZJXSqB1w0GGG55Mr	1
7xYxgSJaIf7yOFLmknYX38	1kkpNi8Ii5MhBMxmUhN5g9	5
7xYxgSJaIf7yOFLmknYX38	5mcarhiatlvfCghqcn73rC	4
7xYxgSJaIf7yOFLmknYX38	0BNTrhhkZLsbcWAidMz98A	3
7xYxgSJaIf7yOFLmknYX38	57WXdjUf5Vlq3klNZegeTP	2
7xYxgSJaIf7yOFLmknYX38	2z4eiJkDaXYCR9kv2UuSgz	1
2z4eiJkDaXYCR9kv2UuSgz	1kkpNi8Ii5MhBMxmUhN5g9	5
2z4eiJkDaXYCR9kv2UuSgz	16gYwSgslBoQ1b6wfxoHOF	4
2z4eiJkDaXYCR9kv2UuSgz	0vbykpsZwxi9Z6P27AhVqJ	3
2z4eiJkDaXYCR9kv2UuSgz	1mUgTcokhM7BSqp8mXhy8U	2
2z4eiJkDaXYCR9kv2UuSgz	38ULknnQK6G4oLJtTtPkkM	1
1nyQBzKgZ2hBLr7PnyV7cI	1kkpNi8Ii5MhBMxmUhN5g9	5
1nyQBzKgZ2hBLr7PnyV7cI	0a63dfrxBQKqh160P8iUNL	4
1nyQBzKgZ2hBLr7PnyV7cI	7peASGSN6FkIFQ3XjLfBtB	3
1nyQBzKgZ2hBLr7PnyV7cI	16gYwSgslBoQ1b6wfxoHOF	2
1nyQBzKgZ2hBLr7PnyV7cI	5U16QlMnlSAhkQxBZpLyLO	1
24GaH9tRBgZjlvOhpFuKi2	4FAEZeJcsYYBkNq2D3KGTV	5
24GaH9tRBgZjlvOhpFuKi2	6eEsIl4wosvhuWI0mfXxAF	4
24GaH9tRBgZjlvOhpFuKi2	49JvZ17o0VaAmXaJv5kZlv	3
24GaH9tRBgZjlvOhpFuKi2	1CD77o9fbdyQFrHnUPUEsF	2
24GaH9tRBgZjlvOhpFuKi2	2IU5UBup85LmAXh5U36DeC	1
5q9nLsvWwbSUW1kRyhZLAx	0vIMq3W8V63uR4Ymgm2pF1	5
5q9nLsvWwbSUW1kRyhZLAx	7DCnwoFMqGN6eZULdcLZeL	4
5q9nLsvWwbSUW1kRyhZLAx	0Cob8rMmlxp4OtRYaVKGY8	3
5q9nLsvWwbSUW1kRyhZLAx	0a63dfrxBQKqh160P8iUNL	2
5q9nLsvWwbSUW1kRyhZLAx	0NHSh9S0VQiFfsEFbvhRXN	1
7LCp4MN0SOIVWlssid9KyE	0GLvcqWIueXNjv3212pJAj	5
7LCp4MN0SOIVWlssid9KyE	0qEcf3SFlpRcb3lK3f2GZI	4
7LCp4MN0SOIVWlssid9KyE	2CxLP749mup3ncPrXgCnvU	3
7LCp4MN0SOIVWlssid9KyE	5hfOHpGMsi8O3DA0ROLGqF	2
7LCp4MN0SOIVWlssid9KyE	7AN8KaXC6UZ18IJzvkUW6i	1
2ODUxmFxJSyvGiimNhMHbO	2ScuQMRWThcifBRIvNDFDC	5
2ODUxmFxJSyvGiimNhMHbO	1uFixbBAduJkFAeRKznkvW	4
2ODUxmFxJSyvGiimNhMHbO	5dCuFngSPyOOnTAvrC7v2s	3
2ODUxmFxJSyvGiimNhMHbO	2gCsNOpiBaMNh20jQ5prf0	2
2ODUxmFxJSyvGiimNhMHbO	0augulkuXFx1qPfb590w2C	1
17obwOahRWI121iMUZznh2	7aUVQRiWaOqZU0JwOlGfWi	5
17obwOahRWI121iMUZznh2	6R7WjUX7Fk4zHPEHSdqEkY	4
17obwOahRWI121iMUZznh2	0MAvx5yzdhylg2ztJC3MD3	3
17obwOahRWI121iMUZznh2	4Se7TFuKKQVCzttyri6bg3	2
17obwOahRWI121iMUZznh2	3y1DgnVXqckGJrbwOKchdU	1
2ScuQMRWThcifBRIvNDFDC	5s4z3mRAE7nxE3jjft8J3h	5
2ScuQMRWThcifBRIvNDFDC	0yT9vbP1EOnCpl2McnF9nH	4
2ScuQMRWThcifBRIvNDFDC	5dCuFngSPyOOnTAvrC7v2s	3
2ScuQMRWThcifBRIvNDFDC	3y1DgnVXqckGJrbwOKchdU	2
2ScuQMRWThcifBRIvNDFDC	2ODUxmFxJSyvGiimNhMHbO	1
5IjFZHS2iHNl5pMwLzDySP	2CxLP749mup3ncPrXgCnvU	5
5IjFZHS2iHNl5pMwLzDySP	0GLvcqWIueXNjv3212pJAj	4
5IjFZHS2iHNl5pMwLzDySP	7LCp4MN0SOIVWlssid9KyE	3
5IjFZHS2iHNl5pMwLzDySP	7AN8KaXC6UZ18IJzvkUW6i	2
5IjFZHS2iHNl5pMwLzDySP	7b2jbuy6iMUbuvWrvoxnJW	1
2e53aHBQdCMKWqHDuyJsjC	2CxLP749mup3ncPrXgCnvU	5
2e53aHBQdCMKWqHDuyJsjC	7LCp4MN0SOIVWlssid9KyE	4
2e53aHBQdCMKWqHDuyJsjC	0qEcf3SFlpRcb3lK3f2GZI	3
2e53aHBQdCMKWqHDuyJsjC	17obwOahRWI121iMUZznh2	2
2e53aHBQdCMKWqHDuyJsjC	5GUVj2b1lJ4DolQyHlzyaO	1
3keUIwmPM4awpPxiy9ZQ1m	0yDmbRjVTQsQd3OnMs5s3I	5
3keUIwmPM4awpPxiy9ZQ1m	0yT9vbP1EOnCpl2McnF9nH	4
3keUIwmPM4awpPxiy9ZQ1m	73iWh9WUMf0xK6cRkNJK4h	3
3keUIwmPM4awpPxiy9ZQ1m	2ODUxmFxJSyvGiimNhMHbO	2
3keUIwmPM4awpPxiy9ZQ1m	2ScuQMRWThcifBRIvNDFDC	1
4qnb4cn5aykCACoyuCirGg	2kuNswDC82PL9xRbfaZJaS	5
4qnb4cn5aykCACoyuCirGg	4zmxet3ZPdSmL3Xyv1Wegb	4
4qnb4cn5aykCACoyuCirGg	0XTxadWXVyfB8eTIYOjMYj	3
4qnb4cn5aykCACoyuCirGg	2bW1mPOielsoT3HuQtyydG	2
4qnb4cn5aykCACoyuCirGg	4DQj1q0unpi9KF8jO1Wqks	1
382aCtCMEd2Rg2DmcU9xw9	4DQj1q0unpi9KF8jO1Wqks	5
382aCtCMEd2Rg2DmcU9xw9	2kuNswDC82PL9xRbfaZJaS	4
382aCtCMEd2Rg2DmcU9xw9	4qnb4cn5aykCACoyuCirGg	3
382aCtCMEd2Rg2DmcU9xw9	3HztdynMjmrFqrs0fe9BX2	2
382aCtCMEd2Rg2DmcU9xw9	1yap1SgRPMxgyfrrDlQ95y	1
3TiISqKS6ESlMQ4WFfZJw2	0XTxadWXVyfB8eTIYOjMYj	5
3TiISqKS6ESlMQ4WFfZJw2	0DAqhikcMKLo2lPADVz2fs	4
3TiISqKS6ESlMQ4WFfZJw2	5X3TuTi9OIsJXMGxPwTKM2	3
3TiISqKS6ESlMQ4WFfZJw2	4zmxet3ZPdSmL3Xyv1Wegb	2
3TiISqKS6ESlMQ4WFfZJw2	2IU5UBup85LmAXh5U36DeC	1
722MDCdw3Ee4SdESC4uy38	3BqaUtuQmqIHg7B5Bc7fP7	5
722MDCdw3Ee4SdESC4uy38	0M4IFoE14SkNQbMjRLAnH7	4
722MDCdw3Ee4SdESC4uy38	4eBRIkqBA2GyYKzLvXD9a4	3
722MDCdw3Ee4SdESC4uy38	6c8INA1EQQe9TkukfEdiCA	2
722MDCdw3Ee4SdESC4uy38	2CZj6Atoe6w2JhkMQnOEXo	1
2CZj6Atoe6w2JhkMQnOEXo	6c8INA1EQQe9TkukfEdiCA	5
2CZj6Atoe6w2JhkMQnOEXo	3BqaUtuQmqIHg7B5Bc7fP7	4
2CZj6Atoe6w2JhkMQnOEXo	4eBRIkqBA2GyYKzLvXD9a4	3
2CZj6Atoe6w2JhkMQnOEXo	65Gh3BfK84aTIugiRCgLBA	2
2CZj6Atoe6w2JhkMQnOEXo	722MDCdw3Ee4SdESC4uy38	1
6c8INA1EQQe9TkukfEdiCA	3BqaUtuQmqIHg7B5Bc7fP7	5
6c8INA1EQQe9TkukfEdiCA	2CZj6Atoe6w2JhkMQnOEXo	4
6c8INA1EQQe9TkukfEdiCA	4eBRIkqBA2GyYKzLvXD9a4	3
6c8INA1EQQe9TkukfEdiCA	65Gh3BfK84aTIugiRCgLBA	2
6c8INA1EQQe9TkukfEdiCA	722MDCdw3Ee4SdESC4uy38	1
65Gh3BfK84aTIugiRCgLBA	3BqaUtuQmqIHg7B5Bc7fP7	5
65Gh3BfK84aTIugiRCgLBA	4eBRIkqBA2GyYKzLvXD9a4	4
65Gh3BfK84aTIugiRCgLBA	6c8INA1EQQe9TkukfEdiCA	3
65Gh3BfK84aTIugiRCgLBA	25IRTisJjqI6JlkyCVMBsV	2
65Gh3BfK84aTIugiRCgLBA	2CZj6Atoe6w2JhkMQnOEXo	1
4eBRIkqBA2GyYKzLvXD9a4	3BqaUtuQmqIHg7B5Bc7fP7	5
4eBRIkqBA2GyYKzLvXD9a4	65Gh3BfK84aTIugiRCgLBA	4
4eBRIkqBA2GyYKzLvXD9a4	6c8INA1EQQe9TkukfEdiCA	3
4eBRIkqBA2GyYKzLvXD9a4	2CZj6Atoe6w2JhkMQnOEXo	2
4eBRIkqBA2GyYKzLvXD9a4	722MDCdw3Ee4SdESC4uy38	1
6clbbhnIqpHnqxwtOWcilg	0J2Ej2rMQyqaUX3G6MUISw	5
6clbbhnIqpHnqxwtOWcilg	1tfXh4XxILEuMU2qZupFn8	4
6clbbhnIqpHnqxwtOWcilg	3Y5abCLsMxsOLaZ8rYusSR	3
6clbbhnIqpHnqxwtOWcilg	0WgyCbru4tXnMsbTmX4mFw	2
6clbbhnIqpHnqxwtOWcilg	1667U2YoucgG5Pdvm2M59c	1
7emRV8AluG3d4e5T0DZiK9	6jdObwsrIjSRnBbMw6lPBj	5
7emRV8AluG3d4e5T0DZiK9	0fyqyjD7pbaVzbu94ylWQR	4
7emRV8AluG3d4e5T0DZiK9	0cA5Tg15TwARIRZeiNT1RO	3
7emRV8AluG3d4e5T0DZiK9	1MXwwmS2JpmsHZhdMeOL2s	2
7emRV8AluG3d4e5T0DZiK9	2DWQX92uew7DlsgN0yD775	1
0J2Ej2rMQyqaUX3G6MUISw	0fgtHVpOPfXb07S8Jx443z	5
0J2Ej2rMQyqaUX3G6MUISw	6clbbhnIqpHnqxwtOWcilg	4
0J2Ej2rMQyqaUX3G6MUISw	3JhRHqCi8HEzkJVWt19LtN	3
0J2Ej2rMQyqaUX3G6MUISw	3Y5abCLsMxsOLaZ8rYusSR	2
0J2Ej2rMQyqaUX3G6MUISw	1tfXh4XxILEuMU2qZupFn8	1
3Y5abCLsMxsOLaZ8rYusSR	1667U2YoucgG5Pdvm2M59c	5
3Y5abCLsMxsOLaZ8rYusSR	1tfXh4XxILEuMU2qZupFn8	4
3Y5abCLsMxsOLaZ8rYusSR	0fgtHVpOPfXb07S8Jx443z	3
3Y5abCLsMxsOLaZ8rYusSR	0reZZVbAPxgX1Rqj6XbWj3	2
3Y5abCLsMxsOLaZ8rYusSR	0J2Ej2rMQyqaUX3G6MUISw	1
6jdObwsrIjSRnBbMw6lPBj	0cA5Tg15TwARIRZeiNT1RO	5
6jdObwsrIjSRnBbMw6lPBj	1tfXh4XxILEuMU2qZupFn8	4
6jdObwsrIjSRnBbMw6lPBj	1667U2YoucgG5Pdvm2M59c	3
6jdObwsrIjSRnBbMw6lPBj	01W8kYNqFHyKicPfR0pLwO	2
6jdObwsrIjSRnBbMw6lPBj	7emRV8AluG3d4e5T0DZiK9	1
3V4FPipSnuYjtHnnAw9cZd	2i8ynmFv4qgRksyDlBgi6d	5
3V4FPipSnuYjtHnnAw9cZd	6WoTvA9qinpHtSRJuldYh6	4
3V4FPipSnuYjtHnnAw9cZd	1FGzeqDPTLZwfbfxpmPAZn	3
3V4FPipSnuYjtHnnAw9cZd	3AmWjMXXtBJOmNGpUFSOAl	2
3V4FPipSnuYjtHnnAw9cZd	6uVeWolwyRDrT84lLsaZyW	1
5k5yIvxtsqHqWrRBF3nhSY	5iksmHDN2qZQcgFfXqIXtT	5
5k5yIvxtsqHqWrRBF3nhSY	47yvARr7dCOKqvjDVwfbf3	4
5k5yIvxtsqHqWrRBF3nhSY	5A0MH7JfEBEMySevsmauds	3
5k5yIvxtsqHqWrRBF3nhSY	5kwbFaRKf9HCFGrJPacZ7s	2
5k5yIvxtsqHqWrRBF3nhSY	5KBwIS9lSKjcpfjdOMvVz4	1
4l8xPGtl6DHR2uvunqrl8r	2CqEOngQOOMstJupNn6Hmf	5
4l8xPGtl6DHR2uvunqrl8r	4yBBNmdvVaoPEnr2lt14q7	4
4l8xPGtl6DHR2uvunqrl8r	1TUNPwZWJyhaNZpLZzhOUj	3
4l8xPGtl6DHR2uvunqrl8r	6dP7OHshDvGHaNNSwunol4	2
4l8xPGtl6DHR2uvunqrl8r	5mNY0NPszdalbrb4ITO3M8	1
5iksmHDN2qZQcgFfXqIXtT	47yvARr7dCOKqvjDVwfbf3	5
5iksmHDN2qZQcgFfXqIXtT	5k5yIvxtsqHqWrRBF3nhSY	4
5iksmHDN2qZQcgFfXqIXtT	5A0MH7JfEBEMySevsmauds	3
5iksmHDN2qZQcgFfXqIXtT	5KBwIS9lSKjcpfjdOMvVz4	2
5iksmHDN2qZQcgFfXqIXtT	3nYGhK3zYoTm2Yz1KduuUM	1
6zHRqvws8dVeqL8D31ponr	39GVRVaqlKh7JL8Yl5ZKcb	5
6zHRqvws8dVeqL8D31ponr	5TNmizItgJPfvCoPKXAMGz	4
6zHRqvws8dVeqL8D31ponr	3xmUdkZUQbtMM62XP4nnb6	3
6zHRqvws8dVeqL8D31ponr	0tQzBYPjAardhWpGkqVdNW	2
6zHRqvws8dVeqL8D31ponr	1FqG6mhiJbhbMg43ohCT6D	1
2aVHDjRHRM7dcFkGwahXLG	040Bv6cZTRh30LyyYVXgJX	5
2aVHDjRHRM7dcFkGwahXLG	04tBaW21jyUfeP5iqiKBVq	4
2aVHDjRHRM7dcFkGwahXLG	3xmUdkZUQbtMM62XP4nnb6	3
2aVHDjRHRM7dcFkGwahXLG	3u4FypAnUqGL37gwqsdRzp	2
2aVHDjRHRM7dcFkGwahXLG	4U4dyH3tMYOQMZYTjsXmeJ	1
49WlsIvcUYj7Awo93hDKgf	4QmkLL9JOqM9dusHS1Hghe	5
49WlsIvcUYj7Awo93hDKgf	2VL8sLEJ6lHEwocjc1pN9w	4
49WlsIvcUYj7Awo93hDKgf	3UmBeGyNwr4iDWi1vTxWi8	3
49WlsIvcUYj7Awo93hDKgf	7aXDGr3cUBmH2Kx1yBC7Ux	2
49WlsIvcUYj7Awo93hDKgf	3ap1NzHNV9QA1x1V6z3gSe	1
3SMY2MGuaUOhuPpgRn6clw	4nymPwNq7Y6i1tVs1d9WVB	5
3SMY2MGuaUOhuPpgRn6clw	1yap1SgRPMxgyfrrDlQ95y	4
3SMY2MGuaUOhuPpgRn6clw	1giPBWN0VDXGhXEIROGhvM	3
3SMY2MGuaUOhuPpgRn6clw	2aVHDjRHRM7dcFkGwahXLG	2
3SMY2MGuaUOhuPpgRn6clw	2IkwqvwEnXFlZEq6eFP1wL	1
27DCwiPx5ocQsf4K43SlIL	1yap1SgRPMxgyfrrDlQ95y	5
27DCwiPx5ocQsf4K43SlIL	49WlsIvcUYj7Awo93hDKgf	4
27DCwiPx5ocQsf4K43SlIL	1C4kZs9XyNnm9HWFng6ZFH	3
27DCwiPx5ocQsf4K43SlIL	0Lpr5wXzWLtDWm1SjNbpPb	2
27DCwiPx5ocQsf4K43SlIL	2jgPkn6LuUazBoBk6vvjh5	1
2RnjzTi9pBPXEqOtKh4OPj	04zDwTMN8SPPydYIfSeFYf	5
2RnjzTi9pBPXEqOtKh4OPj	4Q82S0VzF8qlCb4PnSDurj	4
2RnjzTi9pBPXEqOtKh4OPj	5gl6pfPwJ1coivVUMZPiS9	3
2RnjzTi9pBPXEqOtKh4OPj	0XQi7DYxpcBdepvD9N9qR0	2
2RnjzTi9pBPXEqOtKh4OPj	74QDIfHOHDZNKvw2O3ZUCy	1
6X9rzvFSffHT68gJRZqCAu	04zDwTMN8SPPydYIfSeFYf	5
6X9rzvFSffHT68gJRZqCAu	431C2mKCK1n7XnRejGtbdz	4
6X9rzvFSffHT68gJRZqCAu	5zC3y8YWW5T0rjc6VZN8Y9	3
6X9rzvFSffHT68gJRZqCAu	1CR8qMZVkRSoIioetcA8u3	2
6X9rzvFSffHT68gJRZqCAu	2VbrivHnDf4Z43xPTgqvym	1
0yiSGGu3grpaH56F9znIeU	04zDwTMN8SPPydYIfSeFYf	5
0yiSGGu3grpaH56F9znIeU	0WnxcAN2X6IKcdaZpi5X1K	4
0yiSGGu3grpaH56F9znIeU	0e4E74xO9Eq1iPkRdPoS9r	3
0yiSGGu3grpaH56F9znIeU	0RPvz5Xb4n2NKXD4GYH0yn	2
0yiSGGu3grpaH56F9znIeU	5gl6pfPwJ1coivVUMZPiS9	1
2Ohpu0UE5PFDgfhUxEi0Fy	421A23lYymEUE6SozCfWbr	5
2Ohpu0UE5PFDgfhUxEi0Fy	121Q6oslYCMBYZHhOFL1RB	4
2Ohpu0UE5PFDgfhUxEi0Fy	0WhGV9lzljq2QKJ8ipw6jx	3
2Ohpu0UE5PFDgfhUxEi0Fy	4RjtLUZNqLtMpRKIOaVokc	2
2Ohpu0UE5PFDgfhUxEi0Fy	46hWN2cZ7MboMi8eUmxttj	1
298i00ena8XMnm9O3qlHtU	7BnikuGfXRWkGLJCWS1y9P	5
298i00ena8XMnm9O3qlHtU	46hWN2cZ7MboMi8eUmxttj	4
298i00ena8XMnm9O3qlHtU	137l8QdpxTAeZawP4qQYXK	3
298i00ena8XMnm9O3qlHtU	3yesh1QeNXucaDFw8ZPKxd	2
298i00ena8XMnm9O3qlHtU	626sWfma3ur1YG5JL5UjSH	1
46hWN2cZ7MboMi8eUmxttj	3q963NeNihjI0vYAGLIpjI	5
46hWN2cZ7MboMi8eUmxttj	2Ohpu0UE5PFDgfhUxEi0Fy	4
46hWN2cZ7MboMi8eUmxttj	1WMBty3hLKOtvdLd4oKLGt	3
46hWN2cZ7MboMi8eUmxttj	39KwCUfxTyIasDijrgwhRn	2
46hWN2cZ7MboMi8eUmxttj	6OWPd5ByKaNSFAZ3TCe5AO	1
4WquJweZPIK9qcfVFhTKvf	0WhGV9lzljq2QKJ8ipw6jx	5
4WquJweZPIK9qcfVFhTKvf	4BFMTELQyWJU1SwqcXMBm3	4
4WquJweZPIK9qcfVFhTKvf	3yesh1QeNXucaDFw8ZPKxd	3
4WquJweZPIK9qcfVFhTKvf	2Ohpu0UE5PFDgfhUxEi0Fy	2
4WquJweZPIK9qcfVFhTKvf	421A23lYymEUE6SozCfWbr	1
2Sp19cOHSqAUlE64hekARW	5ZOh5D4MKLhU3GekPzNFam	5
2Sp19cOHSqAUlE64hekARW	6w7fc6IZlo5zwBaKT5jU1X	4
2Sp19cOHSqAUlE64hekARW	4tyCvqG48h4LdcbFfWBjR9	3
2Sp19cOHSqAUlE64hekARW	4DD6xBZ1INIT3yGJRQLzej	2
2Sp19cOHSqAUlE64hekARW	3UvcmAOZt64oKpP95f6MMM	1
3aCS3JvkoSr84i7ge9pA9o	7hQsq7p8cRabrNvklqxCvU	5
3aCS3JvkoSr84i7ge9pA9o	6HRtcKFPKPw6FtbGpvQviZ	4
3aCS3JvkoSr84i7ge9pA9o	1CYmYyxlWBVY80Kvq5lTDg	3
3aCS3JvkoSr84i7ge9pA9o	4nnvwFUhvSQ1WLcMbKJB9V	2
3aCS3JvkoSr84i7ge9pA9o	1BZzsIaJrwVhoY4oNnAGjr	1
6HRtcKFPKPw6FtbGpvQviZ	1CYmYyxlWBVY80Kvq5lTDg	5
6HRtcKFPKPw6FtbGpvQviZ	3aCS3JvkoSr84i7ge9pA9o	4
6HRtcKFPKPw6FtbGpvQviZ	368QQvIamnKKKUiYskBRZN	3
6HRtcKFPKPw6FtbGpvQviZ	1BZzsIaJrwVhoY4oNnAGjr	2
6HRtcKFPKPw6FtbGpvQviZ	4nnvwFUhvSQ1WLcMbKJB9V	1
1i7YYagcULgnW5Qilsto1d	4nnvwFUhvSQ1WLcMbKJB9V	5
1i7YYagcULgnW5Qilsto1d	1CYmYyxlWBVY80Kvq5lTDg	4
1i7YYagcULgnW5Qilsto1d	6HRtcKFPKPw6FtbGpvQviZ	3
1i7YYagcULgnW5Qilsto1d	7CW5MYWUsyUYiHbiTmVZHe	2
1i7YYagcULgnW5Qilsto1d	6JN5xKrgmVEKDmkXiwgTND	1
7BnikuGfXRWkGLJCWS1y9P	3oFRpiLvaflFOVNxvsLrze	5
7BnikuGfXRWkGLJCWS1y9P	298i00ena8XMnm9O3qlHtU	4
7BnikuGfXRWkGLJCWS1y9P	3MBZ7cW7vbWlM9YMYaXE9n	3
7BnikuGfXRWkGLJCWS1y9P	626sWfma3ur1YG5JL5UjSH	2
7BnikuGfXRWkGLJCWS1y9P	368QQvIamnKKKUiYskBRZN	1
5GdL3YywdzweoBs0So2wYM	3oFRpiLvaflFOVNxvsLrze	5
5GdL3YywdzweoBs0So2wYM	2CZj6Atoe6w2JhkMQnOEXo	4
5GdL3YywdzweoBs0So2wYM	4eBRIkqBA2GyYKzLvXD9a4	3
5GdL3YywdzweoBs0So2wYM	2PfqU9rhivtAPtyKsEjkdy	2
5GdL3YywdzweoBs0So2wYM	3BqaUtuQmqIHg7B5Bc7fP7	1
3MBZ7cW7vbWlM9YMYaXE9n	0ShV0veaBj1NvWRORhuwlI	5
3MBZ7cW7vbWlM9YMYaXE9n	3oFRpiLvaflFOVNxvsLrze	4
3MBZ7cW7vbWlM9YMYaXE9n	1hWcYskBVGhbLnJVV8UR3x	3
3MBZ7cW7vbWlM9YMYaXE9n	46ND5nfqN9WADI0hEvY6RN	2
3MBZ7cW7vbWlM9YMYaXE9n	7BnikuGfXRWkGLJCWS1y9P	1
6fW8NRC1UOz5iXvjy4lqh9	3MBZ7cW7vbWlM9YMYaXE9n	5
6fW8NRC1UOz5iXvjy4lqh9	3oFRpiLvaflFOVNxvsLrze	4
6fW8NRC1UOz5iXvjy4lqh9	626sWfma3ur1YG5JL5UjSH	3
6fW8NRC1UOz5iXvjy4lqh9	0ShV0veaBj1NvWRORhuwlI	2
6fW8NRC1UOz5iXvjy4lqh9	298i00ena8XMnm9O3qlHtU	1
1hWcYskBVGhbLnJVV8UR3x	0ShV0veaBj1NvWRORhuwlI	5
1hWcYskBVGhbLnJVV8UR3x	0LY8L4Gct7MEAd2WEfLXmz	4
1hWcYskBVGhbLnJVV8UR3x	3oFRpiLvaflFOVNxvsLrze	3
1hWcYskBVGhbLnJVV8UR3x	3MBZ7cW7vbWlM9YMYaXE9n	2
1hWcYskBVGhbLnJVV8UR3x	2kDyODn1VxVZXZQxsEvHFG	1
2kDyODn1VxVZXZQxsEvHFG	0ShV0veaBj1NvWRORhuwlI	5
2kDyODn1VxVZXZQxsEvHFG	4nnvwFUhvSQ1WLcMbKJB9V	4
2kDyODn1VxVZXZQxsEvHFG	3oFRpiLvaflFOVNxvsLrze	3
2kDyODn1VxVZXZQxsEvHFG	3MBZ7cW7vbWlM9YMYaXE9n	2
2kDyODn1VxVZXZQxsEvHFG	5PAFwnuBhTcXmRCJppZLn1	1
6QtGlUje9TIkLrgPZrESuk	5bDxAyJiTYBat1YnFJhvEK	5
6QtGlUje9TIkLrgPZrESuk	5q4AzEtCoYJyXjMMoEkSU5	4
6QtGlUje9TIkLrgPZrESuk	0543y7yrvny4KymoaneT4W	3
6QtGlUje9TIkLrgPZrESuk	69Mj3u4FTUrpyeGNSIaU6F	2
6QtGlUje9TIkLrgPZrESuk	39T6qqI0jDtSWWioX8eGJz	1
5lkiCO9UQ8B23dZ1o0UV4m	2pdvghEHZJtgSXZ7cvNLou	5
5lkiCO9UQ8B23dZ1o0UV4m	0vn7UBvSQECKJm2817Yf1P	4
5lkiCO9UQ8B23dZ1o0UV4m	5dbuFbrHa1SJlQhQX9OUJ2	3
5lkiCO9UQ8B23dZ1o0UV4m	0fyqyjD7pbaVzbu94ylWQR	2
5lkiCO9UQ8B23dZ1o0UV4m	6r1Xmz7YUD4z0VRUoGm8XN	1
3lPQ2Fk5JOwGWAF3ORFCqH	4tX2TplrkIP4v05BNC903e	5
3lPQ2Fk5JOwGWAF3ORFCqH	5dbuFbrHa1SJlQhQX9OUJ2	4
3lPQ2Fk5JOwGWAF3ORFCqH	2UZMlIwnkgAEDBsw1Rejkn	3
3lPQ2Fk5JOwGWAF3ORFCqH	4Tw2N3wdvJPGEU7JqMxFfE	2
3lPQ2Fk5JOwGWAF3ORFCqH	69Mj3u4FTUrpyeGNSIaU6F	1
5bDxAyJiTYBat1YnFJhvEK	5q4AzEtCoYJyXjMMoEkSU5	5
5bDxAyJiTYBat1YnFJhvEK	0543y7yrvny4KymoaneT4W	4
5bDxAyJiTYBat1YnFJhvEK	69Mj3u4FTUrpyeGNSIaU6F	3
5bDxAyJiTYBat1YnFJhvEK	6x33CmZWo2Ve4hxYl2Craq	2
5bDxAyJiTYBat1YnFJhvEK	21ysNsPzHdqYN2fQ75ZswG	1
0cA5Tg15TwARIRZeiNT1RO	6jdObwsrIjSRnBbMw6lPBj	5
0cA5Tg15TwARIRZeiNT1RO	7emRV8AluG3d4e5T0DZiK9	4
0cA5Tg15TwARIRZeiNT1RO	1tfXh4XxILEuMU2qZupFn8	3
0cA5Tg15TwARIRZeiNT1RO	23rleGXVOVVgTk3xgtmfE4	2
0cA5Tg15TwARIRZeiNT1RO	0fyqyjD7pbaVzbu94ylWQR	1
319yZVtYM9MBGqmSQnMyY6	0vn7UBvSQECKJm2817Yf1P	5
319yZVtYM9MBGqmSQnMyY6	4FtSnMlCVxCswABUmdhwpm	4
319yZVtYM9MBGqmSQnMyY6	1sXbwvCQLGZnaH0Jp2HTVc	3
319yZVtYM9MBGqmSQnMyY6	5hW4L92KnC6dX9t7tYM4Ve	2
319yZVtYM9MBGqmSQnMyY6	5lkiCO9UQ8B23dZ1o0UV4m	1
6yrBBtqX2gKCHCrZOYBDrB	3qtcbDvdIgQOXkPbtRvBaQ	5
6yrBBtqX2gKCHCrZOYBDrB	5yzE49FicYiSxN61oaxkNn	4
6yrBBtqX2gKCHCrZOYBDrB	23rleGXVOVVgTk3xgtmfE4	3
6yrBBtqX2gKCHCrZOYBDrB	1EevBGfUh3RSQSGpluxgBm	2
6yrBBtqX2gKCHCrZOYBDrB	55kipiKplrHBCZN6L1gtrv	1
4HVmeVTQBgvTuvjB1JYwaf	04LIHk1SobiQwt2tlupoAV	5
4HVmeVTQBgvTuvjB1JYwaf	34E3csCxpXunPGEkOVVX2g	4
4HVmeVTQBgvTuvjB1JYwaf	6kEsKkXuE4olX7m3mNLZkS	3
4HVmeVTQBgvTuvjB1JYwaf	1sldhz8tzC100cRAdfnMht	2
4HVmeVTQBgvTuvjB1JYwaf	0isDnZYMWbwDz7hzw0XRjt	1
4FtSnMlCVxCswABUmdhwpm	319yZVtYM9MBGqmSQnMyY6	5
4FtSnMlCVxCswABUmdhwpm	6kEsKkXuE4olX7m3mNLZkS	4
4FtSnMlCVxCswABUmdhwpm	6jdObwsrIjSRnBbMw6lPBj	3
4FtSnMlCVxCswABUmdhwpm	7BEfMxbaqx6dOpbtlEqScm	2
4FtSnMlCVxCswABUmdhwpm	78udmCDNaDu5jqfVnBqwia	1
7AC976RDJzL2asmZuz7qil	3CkvROUTQ6nRi9yQOcsB50	5
7AC976RDJzL2asmZuz7qil	0nCiidE5GgDrc5kWN3NZgZ	4
7AC976RDJzL2asmZuz7qil	3Uz6jx81OY2J5K8Z4wmy2P	3
7AC976RDJzL2asmZuz7qil	0ifzzRKdmtgaHy9cfnnyCR	2
7AC976RDJzL2asmZuz7qil	4vs7NIU7kZc2Efh6yOGKEZ	1
2utNxkLhreF1oIfO8kQT3q	2pVMD4bFwl4AyoYyyo51Qg	5
2utNxkLhreF1oIfO8kQT3q	77zwstbi3x1IxnbDFg6uns	4
2utNxkLhreF1oIfO8kQT3q	2m62cc253Xvd9qYQ8d2X3d	3
2utNxkLhreF1oIfO8kQT3q	0GbqW5TJr7n4is453VOY4C	2
2utNxkLhreF1oIfO8kQT3q	45O9BwPMyywM755SYUK0sP	1
3CkvROUTQ6nRi9yQOcsB50	7AC976RDJzL2asmZuz7qil	5
3CkvROUTQ6nRi9yQOcsB50	0nCiidE5GgDrc5kWN3NZgZ	4
3CkvROUTQ6nRi9yQOcsB50	7C4sUpWGlTy7IANjruj02I	3
3CkvROUTQ6nRi9yQOcsB50	2m62cc253Xvd9qYQ8d2X3d	2
3CkvROUTQ6nRi9yQOcsB50	6w6z8m4WXX7Tub4Rb6Lu7R	1
02zGgCB9SiSPeDYMfwPJXK	6i6WlGzQtXtz7GcC5H5st5	5
02zGgCB9SiSPeDYMfwPJXK	1dmEUAQBopYUrsMnQnScWL	4
02zGgCB9SiSPeDYMfwPJXK	0WUphJOGHE5i95IeR87hsO	3
02zGgCB9SiSPeDYMfwPJXK	2s79xe5F6eUQkjwjww27Fh	2
02zGgCB9SiSPeDYMfwPJXK	7AvR99Z6y7N5BWF7VdY3bo	1
7tjbDPvrdvDshcpEMXKRVb	0DW7boyjvbaSP3OJ72sXgC	5
7tjbDPvrdvDshcpEMXKRVb	6jdObwsrIjSRnBbMw6lPBj	4
7tjbDPvrdvDshcpEMXKRVb	0cA5Tg15TwARIRZeiNT1RO	3
7tjbDPvrdvDshcpEMXKRVb	6clbbhnIqpHnqxwtOWcilg	2
7tjbDPvrdvDshcpEMXKRVb	23rleGXVOVVgTk3xgtmfE4	1
0nCiidE5GgDrc5kWN3NZgZ	7AC976RDJzL2asmZuz7qil	5
0nCiidE5GgDrc5kWN3NZgZ	0ifzzRKdmtgaHy9cfnnyCR	4
0nCiidE5GgDrc5kWN3NZgZ	02frazNrWgZCxUEf4UTfHt	3
0nCiidE5GgDrc5kWN3NZgZ	6w6z8m4WXX7Tub4Rb6Lu7R	2
0nCiidE5GgDrc5kWN3NZgZ	3Uz6jx81OY2J5K8Z4wmy2P	1
6w6z8m4WXX7Tub4Rb6Lu7R	77zwstbi3x1IxnbDFg6uns	5
6w6z8m4WXX7Tub4Rb6Lu7R	0nCiidE5GgDrc5kWN3NZgZ	4
6w6z8m4WXX7Tub4Rb6Lu7R	7AC976RDJzL2asmZuz7qil	3
6w6z8m4WXX7Tub4Rb6Lu7R	5BcZ22XONcRoLhTbZRuME1	2
6w6z8m4WXX7Tub4Rb6Lu7R	0ifzzRKdmtgaHy9cfnnyCR	1
0GbqW5TJr7n4is453VOY4C	5BcZ22XONcRoLhTbZRuME1	5
0GbqW5TJr7n4is453VOY4C	5oHYrXNyCSEdacKCCrteMX	4
0GbqW5TJr7n4is453VOY4C	0nCiidE5GgDrc5kWN3NZgZ	3
0GbqW5TJr7n4is453VOY4C	77zwstbi3x1IxnbDFg6uns	2
0GbqW5TJr7n4is453VOY4C	0ifzzRKdmtgaHy9cfnnyCR	1
4CPCryKuTNNCSWoL8DEqNb	5o1To8xDQy2hlFU4AoyRFf	5
4CPCryKuTNNCSWoL8DEqNb	6WtbTdrePgFtJ26EC2K1IH	4
4CPCryKuTNNCSWoL8DEqNb	1C4kZs9XyNnm9HWFng6ZFH	3
4CPCryKuTNNCSWoL8DEqNb	5BcZ22XONcRoLhTbZRuME1	2
4CPCryKuTNNCSWoL8DEqNb	7dtYyLTWjuZGOcweC3eD2f	1
6WtbTdrePgFtJ26EC2K1IH	4CPCryKuTNNCSWoL8DEqNb	5
6WtbTdrePgFtJ26EC2K1IH	5o1To8xDQy2hlFU4AoyRFf	4
6WtbTdrePgFtJ26EC2K1IH	1C4kZs9XyNnm9HWFng6ZFH	3
6WtbTdrePgFtJ26EC2K1IH	7dtYyLTWjuZGOcweC3eD2f	2
6WtbTdrePgFtJ26EC2K1IH	5oHYrXNyCSEdacKCCrteMX	1
2XTWgA3XVWe1N4qWBTNQei	2iptQ8hQmUa7kZocEBHt7u	5
2XTWgA3XVWe1N4qWBTNQei	6W7XIO8Ua1RIisnSf0QIoI	4
2XTWgA3XVWe1N4qWBTNQei	7G3uxJYCXXvkJJMORkc1rk	3
2XTWgA3XVWe1N4qWBTNQei	0GoR8CuoikLD53GNMZUGHN	2
2XTWgA3XVWe1N4qWBTNQei	4vs7NIU7kZc2Efh6yOGKEZ	1
2iptQ8hQmUa7kZocEBHt7u	6W7XIO8Ua1RIisnSf0QIoI	5
2iptQ8hQmUa7kZocEBHt7u	2XTWgA3XVWe1N4qWBTNQei	4
2iptQ8hQmUa7kZocEBHt7u	0mkcYaXUbJUs5mJointuzB	3
2iptQ8hQmUa7kZocEBHt7u	0GoR8CuoikLD53GNMZUGHN	2
2iptQ8hQmUa7kZocEBHt7u	4vs7NIU7kZc2Efh6yOGKEZ	1
6W7XIO8Ua1RIisnSf0QIoI	2iptQ8hQmUa7kZocEBHt7u	5
6W7XIO8Ua1RIisnSf0QIoI	7G3uxJYCXXvkJJMORkc1rk	4
6W7XIO8Ua1RIisnSf0QIoI	0mkcYaXUbJUs5mJointuzB	3
6W7XIO8Ua1RIisnSf0QIoI	5alexP1Baw0KmMEHWOEVVj	2
6W7XIO8Ua1RIisnSf0QIoI	0GoR8CuoikLD53GNMZUGHN	1
6VWHWGvsfZm3cOsRCOqwq6	0GoR8CuoikLD53GNMZUGHN	5
6VWHWGvsfZm3cOsRCOqwq6	4vs7NIU7kZc2Efh6yOGKEZ	4
6VWHWGvsfZm3cOsRCOqwq6	6W7XIO8Ua1RIisnSf0QIoI	3
6VWHWGvsfZm3cOsRCOqwq6	7G3uxJYCXXvkJJMORkc1rk	2
6VWHWGvsfZm3cOsRCOqwq6	2iptQ8hQmUa7kZocEBHt7u	1
4vs7NIU7kZc2Efh6yOGKEZ	0GoR8CuoikLD53GNMZUGHN	5
4vs7NIU7kZc2Efh6yOGKEZ	6VWHWGvsfZm3cOsRCOqwq6	4
4vs7NIU7kZc2Efh6yOGKEZ	6W7XIO8Ua1RIisnSf0QIoI	3
4vs7NIU7kZc2Efh6yOGKEZ	2iptQ8hQmUa7kZocEBHt7u	2
4vs7NIU7kZc2Efh6yOGKEZ	0mkcYaXUbJUs5mJointuzB	1
5kwbFaRKf9HCFGrJPacZ7s	3nYGhK3zYoTm2Yz1KduuUM	5
5kwbFaRKf9HCFGrJPacZ7s	47yvARr7dCOKqvjDVwfbf3	4
5kwbFaRKf9HCFGrJPacZ7s	4ruO9Y424Hf796fUGMLKcC	3
5kwbFaRKf9HCFGrJPacZ7s	3UtSTTCQ0EMUQxmsfZ3Px1	2
5kwbFaRKf9HCFGrJPacZ7s	7uBH52YnXUbJ0ssoyNqQTB	1
3Uz6jx81OY2J5K8Z4wmy2P	0ifzzRKdmtgaHy9cfnnyCR	5
3Uz6jx81OY2J5K8Z4wmy2P	02frazNrWgZCxUEf4UTfHt	4
3Uz6jx81OY2J5K8Z4wmy2P	4MERAVAHX04B50JOnasmWf	3
3Uz6jx81OY2J5K8Z4wmy2P	3lnV6khgTreN8QiqtSAAgW	2
3Uz6jx81OY2J5K8Z4wmy2P	5kwbFaRKf9HCFGrJPacZ7s	1
7dtYyLTWjuZGOcweC3eD2f	4MERAVAHX04B50JOnasmWf	5
7dtYyLTWjuZGOcweC3eD2f	3UtSTTCQ0EMUQxmsfZ3Px1	4
7dtYyLTWjuZGOcweC3eD2f	2pVMD4bFwl4AyoYyyo51Qg	3
7dtYyLTWjuZGOcweC3eD2f	5kwbFaRKf9HCFGrJPacZ7s	2
7dtYyLTWjuZGOcweC3eD2f	0n2Uel3CvQrmMsYLEfpO3s	1
