3WrFJ7ztbogyGnTHbHJFl2	7FIoB5PHdrMZVC3q2HE5MS	1
3WrFJ7ztbogyGnTHbHJFl2	4x1nvY2FN8jxqAFA0DA02H	2
3WrFJ7ztbogyGnTHbHJFl2	4STHEaNw4mPZ2tzheohgXB	3
3WrFJ7ztbogyGnTHbHJFl2	3oDbviiivRWhXwIE8hxkVV	4
3WrFJ7ztbogyGnTHbHJFl2	22bE4uQ6baNwSHPVcDxLCe	5
22bE4uQ6baNwSHPVcDxLCe	3ICflSq6ZgYAIrm2CTkfVP	1
22bE4uQ6baNwSHPVcDxLCe	67ea9eGLXYMsO2eYQRui3w	2
22bE4uQ6baNwSHPVcDxLCe	1SQRv42e4PjEYfPhS0Tk9E	3
22bE4uQ6baNwSHPVcDxLCe	776Uo845nYHJpNaStv1Ds4	4
22bE4uQ6baNwSHPVcDxLCe	22WZ7M8sxp5THdruNY3gXt	5
3oDbviiivRWhXwIE8hxkVV	6waa8mKu91GjzD4NlONlNJ	1
3oDbviiivRWhXwIE8hxkVV	4Q82S0VzF8qlCb4PnSDurj	2
3oDbviiivRWhXwIE8hxkVV	320EPCSEezHt1rtbfwH6Ck	3
3oDbviiivRWhXwIE8hxkVV	1PCZpxHJz7WAMF8EEq8bfc	4
3oDbviiivRWhXwIE8hxkVV	2VIoWte1HPDbZ2WqHd2La7	5
4STHEaNw4mPZ2tzheohgXB	7FIoB5PHdrMZVC3q2HE5MS	1
4STHEaNw4mPZ2tzheohgXB	4x1nvY2FN8jxqAFA0DA02H	2
4STHEaNw4mPZ2tzheohgXB	6DbJi8AcN5ANdtvJcwBSw8	3
4STHEaNw4mPZ2tzheohgXB	3sFhA6G1N0gG1pszb6kk1m	4
4STHEaNw4mPZ2tzheohgXB	4pJCawaKSZ40EnxN0YEYw3	5
4x1nvY2FN8jxqAFA0DA02H	7FIoB5PHdrMZVC3q2HE5MS	1
4x1nvY2FN8jxqAFA0DA02H	6DbJi8AcN5ANdtvJcwBSw8	2
4x1nvY2FN8jxqAFA0DA02H	4STHEaNw4mPZ2tzheohgXB	3
4x1nvY2FN8jxqAFA0DA02H	3RTzAwFprBqiskp550eSJX	4
4x1nvY2FN8jxqAFA0DA02H	1SQRv42e4PjEYfPhS0Tk9E	5
7FIoB5PHdrMZVC3q2HE5MS	6DbJi8AcN5ANdtvJcwBSw8	1
7FIoB5PHdrMZVC3q2HE5MS	4x1nvY2FN8jxqAFA0DA02H	2
7FIoB5PHdrMZVC3q2HE5MS	4STHEaNw4mPZ2tzheohgXB	3
7FIoB5PHdrMZVC3q2HE5MS	3bTAaMx9nf237AkBnGw3vL	4
7FIoB5PHdrMZVC3q2HE5MS	3RTzAwFprBqiskp550eSJX	5
22WZ7M8sxp5THdruNY3gXt	2qFr8w5sWUITRlzZ9kZotF	1
22WZ7M8sxp5THdruNY3gXt	776Uo845nYHJpNaStv1Ds4	2
22WZ7M8sxp5THdruNY3gXt	1nJvji2KIlWSseXRSlNYsC	3
22WZ7M8sxp5THdruNY3gXt	3ICflSq6ZgYAIrm2CTkfVP	4
22WZ7M8sxp5THdruNY3gXt	1QB4oo4JbSRdxNyidIuD0W	5
776Uo845nYHJpNaStv1Ds4	2qFr8w5sWUITRlzZ9kZotF	1
776Uo845nYHJpNaStv1Ds4	5fsDcuclIe8ZiBD5P787K1	2
776Uo845nYHJpNaStv1Ds4	2lxX1ivRYp26soIavdG9bX	3
776Uo845nYHJpNaStv1Ds4	22WZ7M8sxp5THdruNY3gXt	4
776Uo845nYHJpNaStv1Ds4	74oJ4qxwOZvX6oSsu1DGnw	5
1SQRv42e4PjEYfPhS0Tk9E	1YqGsKpdixxSVgpfaL2AEQ	1
1SQRv42e4PjEYfPhS0Tk9E	2lxX1ivRYp26soIavdG9bX	2
1SQRv42e4PjEYfPhS0Tk9E	6waa8mKu91GjzD4NlONlNJ	3
1SQRv42e4PjEYfPhS0Tk9E	3ICflSq6ZgYAIrm2CTkfVP	4
1SQRv42e4PjEYfPhS0Tk9E	1PCZpxHJz7WAMF8EEq8bfc	5
67ea9eGLXYMsO2eYQRui3w	2lxX1ivRYp26soIavdG9bX	1
67ea9eGLXYMsO2eYQRui3w	1SQRv42e4PjEYfPhS0Tk9E	2
67ea9eGLXYMsO2eYQRui3w	24Wa5wIZIo1sPkzVGP0B5p	3
67ea9eGLXYMsO2eYQRui3w	1YqGsKpdixxSVgpfaL2AEQ	4
67ea9eGLXYMsO2eYQRui3w	3ICflSq6ZgYAIrm2CTkfVP	5
3ICflSq6ZgYAIrm2CTkfVP	2lxX1ivRYp26soIavdG9bX	1
3ICflSq6ZgYAIrm2CTkfVP	6waa8mKu91GjzD4NlONlNJ	2
3ICflSq6ZgYAIrm2CTkfVP	1YqGsKpdixxSVgpfaL2AEQ	3
3ICflSq6ZgYAIrm2CTkfVP	1SQRv42e4PjEYfPhS0Tk9E	4
3ICflSq6ZgYAIrm2CTkfVP	3i9hP422d2KMjaupTzBNVS	5
2VIoWte1HPDbZ2WqHd2La7	2IU5UBup85LmAXh5U36DeC	1
2VIoWte1HPDbZ2WqHd2La7	32HPpJAhgnGPT3V7UOggzi	2
2VIoWte1HPDbZ2WqHd2La7	7CCn4PFRRRZF127jtCBAUe	3
2VIoWte1HPDbZ2WqHd2La7	2kuNswDC82PL9xRbfaZJaS	4
2VIoWte1HPDbZ2WqHd2La7	320EPCSEezHt1rtbfwH6Ck	5
1PCZpxHJz7WAMF8EEq8bfc	3eskO5m0H4yiF64vRySBjr	1
1PCZpxHJz7WAMF8EEq8bfc	040Bv6cZTRh30LyyYVXgJX	2
1PCZpxHJz7WAMF8EEq8bfc	6vLlQYujOujIrm7zAKzEdG	3
1PCZpxHJz7WAMF8EEq8bfc	2lxX1ivRYp26soIavdG9bX	4
1PCZpxHJz7WAMF8EEq8bfc	0rESpKEusFHxhW59MIf7eM	5
320EPCSEezHt1rtbfwH6Ck	2VIoWte1HPDbZ2WqHd2La7	1
320EPCSEezHt1rtbfwH6Ck	01hRNr3yF5bYnPq4wZ88iI	2
320EPCSEezHt1rtbfwH6Ck	7CCn4PFRRRZF127jtCBAUe	3
320EPCSEezHt1rtbfwH6Ck	2IU5UBup85LmAXh5U36DeC	4
320EPCSEezHt1rtbfwH6Ck	6waa8mKu91GjzD4NlONlNJ	5
4Q82S0VzF8qlCb4PnSDurj	5gl6pfPwJ1coivVUMZPiS9	1
4Q82S0VzF8qlCb4PnSDurj	3oDbviiivRWhXwIE8hxkVV	2
4Q82S0VzF8qlCb4PnSDurj	3M8NUieZuEOMs0Hf210w4n	3
4Q82S0VzF8qlCb4PnSDurj	3RTzAwFprBqiskp550eSJX	4
4Q82S0VzF8qlCb4PnSDurj	0Lpr5wXzWLtDWm1SjNbpPb	5
6waa8mKu91GjzD4NlONlNJ	4QmkLL9JOqM9dusHS1Hghe	1
6waa8mKu91GjzD4NlONlNJ	57xdnSVt4ahJCIXYLieQ25	2
6waa8mKu91GjzD4NlONlNJ	3i9hP422d2KMjaupTzBNVS	3
6waa8mKu91GjzD4NlONlNJ	48YxSlb23RAaCd4RyHcV9V	4
6waa8mKu91GjzD4NlONlNJ	2VL8sLEJ6lHEwocjc1pN9w	5
4pJCawaKSZ40EnxN0YEYw3	7Kkx4dACo6kFSeT9wjfVA5	1
4pJCawaKSZ40EnxN0YEYw3	6DbJi8AcN5ANdtvJcwBSw8	2
4pJCawaKSZ40EnxN0YEYw3	0Lpr5wXzWLtDWm1SjNbpPb	3
4pJCawaKSZ40EnxN0YEYw3	3UvcmAOZt64oKpP95f6MMM	4
4pJCawaKSZ40EnxN0YEYw3	6waa8mKu91GjzD4NlONlNJ	5
3sFhA6G1N0gG1pszb6kk1m	6DbJi8AcN5ANdtvJcwBSw8	1
3sFhA6G1N0gG1pszb6kk1m	4STHEaNw4mPZ2tzheohgXB	2
3sFhA6G1N0gG1pszb6kk1m	7FIoB5PHdrMZVC3q2HE5MS	3
3sFhA6G1N0gG1pszb6kk1m	2hO4YtXUFJiUYS2uYFvHNK	4
3sFhA6G1N0gG1pszb6kk1m	4x1nvY2FN8jxqAFA0DA02H	5
6DbJi8AcN5ANdtvJcwBSw8	7FIoB5PHdrMZVC3q2HE5MS	1
6DbJi8AcN5ANdtvJcwBSw8	4x1nvY2FN8jxqAFA0DA02H	2
6DbJi8AcN5ANdtvJcwBSw8	4STHEaNw4mPZ2tzheohgXB	3
6DbJi8AcN5ANdtvJcwBSw8	6waa8mKu91GjzD4NlONlNJ	4
6DbJi8AcN5ANdtvJcwBSw8	3bTAaMx9nf237AkBnGw3vL	5
3RTzAwFprBqiskp550eSJX	4Q82S0VzF8qlCb4PnSDurj	1
3RTzAwFprBqiskp550eSJX	0Lpr5wXzWLtDWm1SjNbpPb	2
3RTzAwFprBqiskp550eSJX	6waa8mKu91GjzD4NlONlNJ	3
3RTzAwFprBqiskp550eSJX	6DbJi8AcN5ANdtvJcwBSw8	4
3RTzAwFprBqiskp550eSJX	1gRNBaI4yn6wCCTvRhGWh8	5
3bTAaMx9nf237AkBnGw3vL	3lHXm91pKLq9Sxi6CoRKWu	1
3bTAaMx9nf237AkBnGw3vL	1C4kZs9XyNnm9HWFng6ZFH	2
3bTAaMx9nf237AkBnGw3vL	2hO4YtXUFJiUYS2uYFvHNK	3
3bTAaMx9nf237AkBnGw3vL	7FIoB5PHdrMZVC3q2HE5MS	4
3bTAaMx9nf237AkBnGw3vL	7jefIIksOi1EazgRTfW2Pk	5
1QB4oo4JbSRdxNyidIuD0W	2qFr8w5sWUITRlzZ9kZotF	1
1QB4oo4JbSRdxNyidIuD0W	22WZ7M8sxp5THdruNY3gXt	2
1QB4oo4JbSRdxNyidIuD0W	4J69yWrKwWJgjv3DKTZcGo	3
1QB4oo4JbSRdxNyidIuD0W	2lxX1ivRYp26soIavdG9bX	4
1QB4oo4JbSRdxNyidIuD0W	4NgfOZCL9Ml67xzM0xzIvC	5
1nJvji2KIlWSseXRSlNYsC	42TFhl7WlMRXiNqzSrnzPL	1
1nJvji2KIlWSseXRSlNYsC	0S7Zur2g8YhqlzqtlYStli	2
1nJvji2KIlWSseXRSlNYsC	5MWBg16f5UYiaSlyVhzlIW	3
1nJvji2KIlWSseXRSlNYsC	4BFMTELQyWJU1SwqcXMBm3	4
1nJvji2KIlWSseXRSlNYsC	0vYkHhJ48Bs3jWcvZXvOrP	5
2qFr8w5sWUITRlzZ9kZotF	0a63dfrxBQKqh160P8iUNL	1
2qFr8w5sWUITRlzZ9kZotF	1PCZpxHJz7WAMF8EEq8bfc	2
2qFr8w5sWUITRlzZ9kZotF	2lxX1ivRYp26soIavdG9bX	3
2qFr8w5sWUITRlzZ9kZotF	7DCnwoFMqGN6eZULdcLZeL	4
2qFr8w5sWUITRlzZ9kZotF	4J69yWrKwWJgjv3DKTZcGo	5
74oJ4qxwOZvX6oSsu1DGnw	2lxX1ivRYp26soIavdG9bX	1
74oJ4qxwOZvX6oSsu1DGnw	5GUVj2b1lJ4DolQyHlzyaO	2
74oJ4qxwOZvX6oSsu1DGnw	7nkLRaWHImCvWGHdNGnhVE	3
74oJ4qxwOZvX6oSsu1DGnw	2rc78XDH9zuJP6bm78lU8Z	4
74oJ4qxwOZvX6oSsu1DGnw	1WRM9i067hd2ujxxi8FI3m	5
2lxX1ivRYp26soIavdG9bX	3ICflSq6ZgYAIrm2CTkfVP	1
2lxX1ivRYp26soIavdG9bX	1YqGsKpdixxSVgpfaL2AEQ	2
2lxX1ivRYp26soIavdG9bX	3i9hP422d2KMjaupTzBNVS	3
2lxX1ivRYp26soIavdG9bX	5GUVj2b1lJ4DolQyHlzyaO	4
2lxX1ivRYp26soIavdG9bX	5U16QlMnlSAhkQxBZpLyLO	5
5fsDcuclIe8ZiBD5P787K1	2ODUxmFxJSyvGiimNhMHbO	1
5fsDcuclIe8ZiBD5P787K1	5dCuFngSPyOOnTAvrC7v2s	2
5fsDcuclIe8ZiBD5P787K1	2gCsNOpiBaMNh20jQ5prf0	3
5fsDcuclIe8ZiBD5P787K1	5aygfDCEaX5KTZOxSCpT9o	4
5fsDcuclIe8ZiBD5P787K1	1uFixbBAduJkFAeRKznkvW	5
1YqGsKpdixxSVgpfaL2AEQ	2lxX1ivRYp26soIavdG9bX	1
1YqGsKpdixxSVgpfaL2AEQ	5U16QlMnlSAhkQxBZpLyLO	2
1YqGsKpdixxSVgpfaL2AEQ	3i9hP422d2KMjaupTzBNVS	3
1YqGsKpdixxSVgpfaL2AEQ	6waa8mKu91GjzD4NlONlNJ	4
1YqGsKpdixxSVgpfaL2AEQ	1SQRv42e4PjEYfPhS0Tk9E	5
24Wa5wIZIo1sPkzVGP0B5p	5odf7hjI7hyvAw66tmxhGF	1
24Wa5wIZIo1sPkzVGP0B5p	3v4feUQnU3VEUqFrjmtekL	2
24Wa5wIZIo1sPkzVGP0B5p	67ea9eGLXYMsO2eYQRui3w	3
24Wa5wIZIo1sPkzVGP0B5p	0Lpr5wXzWLtDWm1SjNbpPb	4
24Wa5wIZIo1sPkzVGP0B5p	4WlSvDKaq1PA2Nr7cCIPxX	5
3i9hP422d2KMjaupTzBNVS	57xdnSVt4ahJCIXYLieQ25	1
3i9hP422d2KMjaupTzBNVS	2lxX1ivRYp26soIavdG9bX	2
3i9hP422d2KMjaupTzBNVS	1YqGsKpdixxSVgpfaL2AEQ	3
3i9hP422d2KMjaupTzBNVS	5670CyWrIOA7702gNjsGMZ	4
3i9hP422d2KMjaupTzBNVS	5BaHqGtf6UAZnHfqdPaTDA	5
2kuNswDC82PL9xRbfaZJaS	2IU5UBup85LmAXh5U36DeC	1
2kuNswDC82PL9xRbfaZJaS	4zmxet3ZPdSmL3Xyv1Wegb	2
2kuNswDC82PL9xRbfaZJaS	0XTxadWXVyfB8eTIYOjMYj	3
2kuNswDC82PL9xRbfaZJaS	01hRNr3yF5bYnPq4wZ88iI	4
2kuNswDC82PL9xRbfaZJaS	4ZSzroBNV7HzBDO9aohuF1	5
7CCn4PFRRRZF127jtCBAUe	2VIoWte1HPDbZ2WqHd2La7	1
7CCn4PFRRRZF127jtCBAUe	2kuNswDC82PL9xRbfaZJaS	2
7CCn4PFRRRZF127jtCBAUe	01hRNr3yF5bYnPq4wZ88iI	3
7CCn4PFRRRZF127jtCBAUe	2IU5UBup85LmAXh5U36DeC	4
7CCn4PFRRRZF127jtCBAUe	5X3TuTi9OIsJXMGxPwTKM2	5
32HPpJAhgnGPT3V7UOggzi	2IU5UBup85LmAXh5U36DeC	1
32HPpJAhgnGPT3V7UOggzi	57xdnSVt4ahJCIXYLieQ25	2
32HPpJAhgnGPT3V7UOggzi	4zmxet3ZPdSmL3Xyv1Wegb	3
32HPpJAhgnGPT3V7UOggzi	2VIoWte1HPDbZ2WqHd2La7	4
32HPpJAhgnGPT3V7UOggzi	01hRNr3yF5bYnPq4wZ88iI	5
2IU5UBup85LmAXh5U36DeC	01hRNr3yF5bYnPq4wZ88iI	1
2IU5UBup85LmAXh5U36DeC	4zmxet3ZPdSmL3Xyv1Wegb	2
2IU5UBup85LmAXh5U36DeC	32HPpJAhgnGPT3V7UOggzi	3
2IU5UBup85LmAXh5U36DeC	2VIoWte1HPDbZ2WqHd2La7	4
2IU5UBup85LmAXh5U36DeC	2kuNswDC82PL9xRbfaZJaS	5
0rESpKEusFHxhW59MIf7eM	1KA3WXYMPLxomNuoE22LYd	1
0rESpKEusFHxhW59MIf7eM	6i8kpDUSsrOOhPHfNYhMeF	2
0rESpKEusFHxhW59MIf7eM	040Bv6cZTRh30LyyYVXgJX	3
0rESpKEusFHxhW59MIf7eM	27q3FvkUk607B71x6G4rXz	4
0rESpKEusFHxhW59MIf7eM	1PCZpxHJz7WAMF8EEq8bfc	5
6vLlQYujOujIrm7zAKzEdG	1PCZpxHJz7WAMF8EEq8bfc	1
6vLlQYujOujIrm7zAKzEdG	3Q6OOkfssqoMSTtl11J5Uk	2
6vLlQYujOujIrm7zAKzEdG	5U16QlMnlSAhkQxBZpLyLO	3
6vLlQYujOujIrm7zAKzEdG	7CCn4PFRRRZF127jtCBAUe	4
6vLlQYujOujIrm7zAKzEdG	2lxX1ivRYp26soIavdG9bX	5
040Bv6cZTRh30LyyYVXgJX	3QcM2tU8CDY3LyzvwCj1CI	1
040Bv6cZTRh30LyyYVXgJX	0rESpKEusFHxhW59MIf7eM	2
040Bv6cZTRh30LyyYVXgJX	3ExrAwcOqgGjt9kFRwdM76	3
040Bv6cZTRh30LyyYVXgJX	4O8NcI06slOnzcloI95qfe	4
040Bv6cZTRh30LyyYVXgJX	59zdhVoWxSoHMc74n098Re	5
3eskO5m0H4yiF64vRySBjr	59zdhVoWxSoHMc74n098Re	1
3eskO5m0H4yiF64vRySBjr	4WlSvDKaq1PA2Nr7cCIPxX	2
3eskO5m0H4yiF64vRySBjr	1PCZpxHJz7WAMF8EEq8bfc	3
3eskO5m0H4yiF64vRySBjr	2pdvghEHZJtgSXZ7cvNLou	4
3eskO5m0H4yiF64vRySBjr	2E6Roj0oQnJIm2BeXwDica	5
01hRNr3yF5bYnPq4wZ88iI	2IU5UBup85LmAXh5U36DeC	1
01hRNr3yF5bYnPq4wZ88iI	0XTxadWXVyfB8eTIYOjMYj	2
01hRNr3yF5bYnPq4wZ88iI	5X3TuTi9OIsJXMGxPwTKM2	3
01hRNr3yF5bYnPq4wZ88iI	32HPpJAhgnGPT3V7UOggzi	4
01hRNr3yF5bYnPq4wZ88iI	2VIoWte1HPDbZ2WqHd2La7	5
0Lpr5wXzWLtDWm1SjNbpPb	4pJCawaKSZ40EnxN0YEYw3	1
0Lpr5wXzWLtDWm1SjNbpPb	46njgd2Rq9tZc4ZjeQMgbh	2
0Lpr5wXzWLtDWm1SjNbpPb	3UvcmAOZt64oKpP95f6MMM	3
0Lpr5wXzWLtDWm1SjNbpPb	3RTzAwFprBqiskp550eSJX	4
0Lpr5wXzWLtDWm1SjNbpPb	24GaH9tRBgZjlvOhpFuKi2	5
3M8NUieZuEOMs0Hf210w4n	4Q82S0VzF8qlCb4PnSDurj	1
3M8NUieZuEOMs0Hf210w4n	1yap1SgRPMxgyfrrDlQ95y	2
3M8NUieZuEOMs0Hf210w4n	5gl6pfPwJ1coivVUMZPiS9	3
3M8NUieZuEOMs0Hf210w4n	04tBaW21jyUfeP5iqiKBVq	4
3M8NUieZuEOMs0Hf210w4n	5MWBg16f5UYiaSlyVhzlIW	5
5gl6pfPwJ1coivVUMZPiS9	4Q82S0VzF8qlCb4PnSDurj	1
5gl6pfPwJ1coivVUMZPiS9	04zDwTMN8SPPydYIfSeFYf	2
5gl6pfPwJ1coivVUMZPiS9	040Bv6cZTRh30LyyYVXgJX	3
5gl6pfPwJ1coivVUMZPiS9	4O8NcI06slOnzcloI95qfe	4
5gl6pfPwJ1coivVUMZPiS9	1yap1SgRPMxgyfrrDlQ95y	5
2VL8sLEJ6lHEwocjc1pN9w	4QmkLL9JOqM9dusHS1Hghe	1
2VL8sLEJ6lHEwocjc1pN9w	3UmBeGyNwr4iDWi1vTxWi8	2
2VL8sLEJ6lHEwocjc1pN9w	48YxSlb23RAaCd4RyHcV9V	3
2VL8sLEJ6lHEwocjc1pN9w	1wCc2Wgga1H8C7u57pcqYk	4
2VL8sLEJ6lHEwocjc1pN9w	5gNduPlUGHsgy1w7f71obH	5
48YxSlb23RAaCd4RyHcV9V	3UmBeGyNwr4iDWi1vTxWi8	1
48YxSlb23RAaCd4RyHcV9V	4QmkLL9JOqM9dusHS1Hghe	2
48YxSlb23RAaCd4RyHcV9V	2VL8sLEJ6lHEwocjc1pN9w	3
48YxSlb23RAaCd4RyHcV9V	1wCc2Wgga1H8C7u57pcqYk	4
48YxSlb23RAaCd4RyHcV9V	0XTxadWXVyfB8eTIYOjMYj	5
57xdnSVt4ahJCIXYLieQ25	3i9hP422d2KMjaupTzBNVS	1
57xdnSVt4ahJCIXYLieQ25	32HPpJAhgnGPT3V7UOggzi	2
57xdnSVt4ahJCIXYLieQ25	4QmkLL9JOqM9dusHS1Hghe	3
57xdnSVt4ahJCIXYLieQ25	6waa8mKu91GjzD4NlONlNJ	4
57xdnSVt4ahJCIXYLieQ25	2VIoWte1HPDbZ2WqHd2La7	5
4QmkLL9JOqM9dusHS1Hghe	3UmBeGyNwr4iDWi1vTxWi8	1
4QmkLL9JOqM9dusHS1Hghe	3qL4moFMePG5zA87tLcCOM	2
4QmkLL9JOqM9dusHS1Hghe	5gNduPlUGHsgy1w7f71obH	3
4QmkLL9JOqM9dusHS1Hghe	41qTjISnBzDLRlrJEJNGKj	4
4QmkLL9JOqM9dusHS1Hghe	2VL8sLEJ6lHEwocjc1pN9w	5
3UvcmAOZt64oKpP95f6MMM	7CW5MYWUsyUYiHbiTmVZHe	1
3UvcmAOZt64oKpP95f6MMM	1CYmYyxlWBVY80Kvq5lTDg	2
3UvcmAOZt64oKpP95f6MMM	5UDDnXpPNuL91XxNJLX47f	3
3UvcmAOZt64oKpP95f6MMM	3yesh1QeNXucaDFw8ZPKxd	4
3UvcmAOZt64oKpP95f6MMM	3BqaUtuQmqIHg7B5Bc7fP7	5
7Kkx4dACo6kFSeT9wjfVA5	4pJCawaKSZ40EnxN0YEYw3	1
7Kkx4dACo6kFSeT9wjfVA5	6IpcPRU1kV0J58kd2w8vSC	2
7Kkx4dACo6kFSeT9wjfVA5	0ShV0veaBj1NvWRORhuwlI	3
7Kkx4dACo6kFSeT9wjfVA5	3oFRpiLvaflFOVNxvsLrze	4
7Kkx4dACo6kFSeT9wjfVA5	3UvcmAOZt64oKpP95f6MMM	5
2hO4YtXUFJiUYS2uYFvHNK	7FIoB5PHdrMZVC3q2HE5MS	1
2hO4YtXUFJiUYS2uYFvHNK	4tX2TplrkIP4v05BNC903e	2
2hO4YtXUFJiUYS2uYFvHNK	2UZMlIwnkgAEDBsw1Rejkn	3
2hO4YtXUFJiUYS2uYFvHNK	6DbJi8AcN5ANdtvJcwBSw8	4
2hO4YtXUFJiUYS2uYFvHNK	3sFhA6G1N0gG1pszb6kk1m	5
1gRNBaI4yn6wCCTvRhGWh8	6kEsKkXuE4olX7m3mNLZkS	1
1gRNBaI4yn6wCCTvRhGWh8	42q4Ivs7tAiCZ5C7eG5q4c	2
1gRNBaI4yn6wCCTvRhGWh8	23rleGXVOVVgTk3xgtmfE4	3
1gRNBaI4yn6wCCTvRhGWh8	1R6Hx1tJ2VOUyodEpC12xM	4
1gRNBaI4yn6wCCTvRhGWh8	0vn7UBvSQECKJm2817Yf1P	5
7jefIIksOi1EazgRTfW2Pk	3JsMj0DEzyWc0VDlHuy9Bx	1
7jefIIksOi1EazgRTfW2Pk	6i6WlGzQtXtz7GcC5H5st5	2
7jefIIksOi1EazgRTfW2Pk	3bTAaMx9nf237AkBnGw3vL	3
7jefIIksOi1EazgRTfW2Pk	2m62cc253Xvd9qYQ8d2X3d	4
7jefIIksOi1EazgRTfW2Pk	3sFhA6G1N0gG1pszb6kk1m	5
1C4kZs9XyNnm9HWFng6ZFH	5o1To8xDQy2hlFU4AoyRFf	1
1C4kZs9XyNnm9HWFng6ZFH	5BcZ22XONcRoLhTbZRuME1	2
1C4kZs9XyNnm9HWFng6ZFH	0DW7boyjvbaSP3OJ72sXgC	3
1C4kZs9XyNnm9HWFng6ZFH	3lHXm91pKLq9Sxi6CoRKWu	4
1C4kZs9XyNnm9HWFng6ZFH	3bTAaMx9nf237AkBnGw3vL	5
3lHXm91pKLq9Sxi6CoRKWu	2pVMD4bFwl4AyoYyyo51Qg	1
3lHXm91pKLq9Sxi6CoRKWu	0GoR8CuoikLD53GNMZUGHN	2
3lHXm91pKLq9Sxi6CoRKWu	3bTAaMx9nf237AkBnGw3vL	3
3lHXm91pKLq9Sxi6CoRKWu	2m62cc253Xvd9qYQ8d2X3d	4
3lHXm91pKLq9Sxi6CoRKWu	1C4kZs9XyNnm9HWFng6ZFH	5
4NgfOZCL9Ml67xzM0xzIvC	2qFr8w5sWUITRlzZ9kZotF	1
4NgfOZCL9Ml67xzM0xzIvC	776Uo845nYHJpNaStv1Ds4	2
4NgfOZCL9Ml67xzM0xzIvC	2lxX1ivRYp26soIavdG9bX	3
4NgfOZCL9Ml67xzM0xzIvC	3ICflSq6ZgYAIrm2CTkfVP	4
4NgfOZCL9Ml67xzM0xzIvC	4J69yWrKwWJgjv3DKTZcGo	5
4J69yWrKwWJgjv3DKTZcGo	0a63dfrxBQKqh160P8iUNL	1
4J69yWrKwWJgjv3DKTZcGo	2qFr8w5sWUITRlzZ9kZotF	2
4J69yWrKwWJgjv3DKTZcGo	7DCnwoFMqGN6eZULdcLZeL	3
4J69yWrKwWJgjv3DKTZcGo	2lxX1ivRYp26soIavdG9bX	4
4J69yWrKwWJgjv3DKTZcGo	4NgfOZCL9Ml67xzM0xzIvC	5
0vYkHhJ48Bs3jWcvZXvOrP	42TFhl7WlMRXiNqzSrnzPL	1
0vYkHhJ48Bs3jWcvZXvOrP	1nJvji2KIlWSseXRSlNYsC	2
0vYkHhJ48Bs3jWcvZXvOrP	0S7Zur2g8YhqlzqtlYStli	3
0vYkHhJ48Bs3jWcvZXvOrP	33EUXrFKGjpUSGacqEHhU4	4
0vYkHhJ48Bs3jWcvZXvOrP	5MWBg16f5UYiaSlyVhzlIW	5
4BFMTELQyWJU1SwqcXMBm3	4WquJweZPIK9qcfVFhTKvf	1
4BFMTELQyWJU1SwqcXMBm3	33EUXrFKGjpUSGacqEHhU4	2
4BFMTELQyWJU1SwqcXMBm3	0WhGV9lzljq2QKJ8ipw6jx	3
4BFMTELQyWJU1SwqcXMBm3	121Q6oslYCMBYZHhOFL1RB	4
4BFMTELQyWJU1SwqcXMBm3	0S7Zur2g8YhqlzqtlYStli	5
5MWBg16f5UYiaSlyVhzlIW	04tBaW21jyUfeP5iqiKBVq	1
5MWBg16f5UYiaSlyVhzlIW	5iksmHDN2qZQcgFfXqIXtT	2
5MWBg16f5UYiaSlyVhzlIW	4l8xPGtl6DHR2uvunqrl8r	3
5MWBg16f5UYiaSlyVhzlIW	5k5yIvxtsqHqWrRBF3nhSY	4
5MWBg16f5UYiaSlyVhzlIW	3V4FPipSnuYjtHnnAw9cZd	5
0S7Zur2g8YhqlzqtlYStli	121Q6oslYCMBYZHhOFL1RB	1
0S7Zur2g8YhqlzqtlYStli	2eRdPaLHWAL4d1WcNUO9Vz	2
0S7Zur2g8YhqlzqtlYStli	2i8ynmFv4qgRksyDlBgi6d	3
0S7Zur2g8YhqlzqtlYStli	3AmWjMXXtBJOmNGpUFSOAl	4
0S7Zur2g8YhqlzqtlYStli	3V4FPipSnuYjtHnnAw9cZd	5
42TFhl7WlMRXiNqzSrnzPL	1nJvji2KIlWSseXRSlNYsC	1
42TFhl7WlMRXiNqzSrnzPL	0vYkHhJ48Bs3jWcvZXvOrP	2
42TFhl7WlMRXiNqzSrnzPL	33EUXrFKGjpUSGacqEHhU4	3
42TFhl7WlMRXiNqzSrnzPL	5MWBg16f5UYiaSlyVhzlIW	4
42TFhl7WlMRXiNqzSrnzPL	3dBVyJ7JuOMt4GE9607Qin	5
7DCnwoFMqGN6eZULdcLZeL	0a63dfrxBQKqh160P8iUNL	1
7DCnwoFMqGN6eZULdcLZeL	0NHSh9S0VQiFfsEFbvhRXN	2
7DCnwoFMqGN6eZULdcLZeL	5q9nLsvWwbSUW1kRyhZLAx	3
7DCnwoFMqGN6eZULdcLZeL	0vIMq3W8V63uR4Ymgm2pF1	4
7DCnwoFMqGN6eZULdcLZeL	0Cob8rMmlxp4OtRYaVKGY8	5
0a63dfrxBQKqh160P8iUNL	0NHSh9S0VQiFfsEFbvhRXN	1
0a63dfrxBQKqh160P8iUNL	7DCnwoFMqGN6eZULdcLZeL	2
0a63dfrxBQKqh160P8iUNL	2qFr8w5sWUITRlzZ9kZotF	3
0a63dfrxBQKqh160P8iUNL	1nyQBzKgZ2hBLr7PnyV7cI	4
0a63dfrxBQKqh160P8iUNL	1kkpNi8Ii5MhBMxmUhN5g9	5
1WRM9i067hd2ujxxi8FI3m	0qEcf3SFlpRcb3lK3f2GZI	1
1WRM9i067hd2ujxxi8FI3m	3cdvlbCYf4WoBdy89RWkNS	2
1WRM9i067hd2ujxxi8FI3m	7LCp4MN0SOIVWlssid9KyE	3
1WRM9i067hd2ujxxi8FI3m	7nkLRaWHImCvWGHdNGnhVE	4
1WRM9i067hd2ujxxi8FI3m	5hfOHpGMsi8O3DA0ROLGqF	5
2rc78XDH9zuJP6bm78lU8Z	5GUVj2b1lJ4DolQyHlzyaO	1
2rc78XDH9zuJP6bm78lU8Z	2ScuQMRWThcifBRIvNDFDC	2
2rc78XDH9zuJP6bm78lU8Z	7nkLRaWHImCvWGHdNGnhVE	3
2rc78XDH9zuJP6bm78lU8Z	3keUIwmPM4awpPxiy9ZQ1m	4
2rc78XDH9zuJP6bm78lU8Z	2ODUxmFxJSyvGiimNhMHbO	5
7nkLRaWHImCvWGHdNGnhVE	2ScuQMRWThcifBRIvNDFDC	1
7nkLRaWHImCvWGHdNGnhVE	17obwOahRWI121iMUZznh2	2
7nkLRaWHImCvWGHdNGnhVE	2CxLP749mup3ncPrXgCnvU	3
7nkLRaWHImCvWGHdNGnhVE	2ODUxmFxJSyvGiimNhMHbO	4
7nkLRaWHImCvWGHdNGnhVE	5GUVj2b1lJ4DolQyHlzyaO	5
5GUVj2b1lJ4DolQyHlzyaO	2rc78XDH9zuJP6bm78lU8Z	1
5GUVj2b1lJ4DolQyHlzyaO	2lxX1ivRYp26soIavdG9bX	2
5GUVj2b1lJ4DolQyHlzyaO	2CxLP749mup3ncPrXgCnvU	3
5GUVj2b1lJ4DolQyHlzyaO	7nkLRaWHImCvWGHdNGnhVE	4
5GUVj2b1lJ4DolQyHlzyaO	0vIMq3W8V63uR4Ymgm2pF1	5
5U16QlMnlSAhkQxBZpLyLO	1kkpNi8Ii5MhBMxmUhN5g9	1
5U16QlMnlSAhkQxBZpLyLO	1YqGsKpdixxSVgpfaL2AEQ	2
5U16QlMnlSAhkQxBZpLyLO	5mcarhiatlvfCghqcn73rC	3
5U16QlMnlSAhkQxBZpLyLO	2BLpGstUHxDc6vHfBEiaXm	4
5U16QlMnlSAhkQxBZpLyLO	16gYwSgslBoQ1b6wfxoHOF	5
1uFixbBAduJkFAeRKznkvW	5aygfDCEaX5KTZOxSCpT9o	1
1uFixbBAduJkFAeRKznkvW	5dCuFngSPyOOnTAvrC7v2s	2
1uFixbBAduJkFAeRKznkvW	1h0hOL3bVcYlg4xcSjU7fP	3
1uFixbBAduJkFAeRKznkvW	2ODUxmFxJSyvGiimNhMHbO	4
1uFixbBAduJkFAeRKznkvW	7EynH3keqfKUmauyaeZoxv	5
5aygfDCEaX5KTZOxSCpT9o	5dCuFngSPyOOnTAvrC7v2s	1
5aygfDCEaX5KTZOxSCpT9o	2gCsNOpiBaMNh20jQ5prf0	2
5aygfDCEaX5KTZOxSCpT9o	1uFixbBAduJkFAeRKznkvW	3
5aygfDCEaX5KTZOxSCpT9o	1h0hOL3bVcYlg4xcSjU7fP	4
5aygfDCEaX5KTZOxSCpT9o	2ODUxmFxJSyvGiimNhMHbO	5
2gCsNOpiBaMNh20jQ5prf0	5dCuFngSPyOOnTAvrC7v2s	1
2gCsNOpiBaMNh20jQ5prf0	5aygfDCEaX5KTZOxSCpT9o	2
2gCsNOpiBaMNh20jQ5prf0	2ODUxmFxJSyvGiimNhMHbO	3
2gCsNOpiBaMNh20jQ5prf0	1uFixbBAduJkFAeRKznkvW	4
2gCsNOpiBaMNh20jQ5prf0	1h0hOL3bVcYlg4xcSjU7fP	5
5dCuFngSPyOOnTAvrC7v2s	1h0hOL3bVcYlg4xcSjU7fP	1
5dCuFngSPyOOnTAvrC7v2s	2ScuQMRWThcifBRIvNDFDC	2
5dCuFngSPyOOnTAvrC7v2s	0yT9vbP1EOnCpl2McnF9nH	3
5dCuFngSPyOOnTAvrC7v2s	5aygfDCEaX5KTZOxSCpT9o	4
5dCuFngSPyOOnTAvrC7v2s	0XErJwG6aCEj7NpKsEZrrO	5
2ODUxmFxJSyvGiimNhMHbO	2ScuQMRWThcifBRIvNDFDC	1
2ODUxmFxJSyvGiimNhMHbO	1uFixbBAduJkFAeRKznkvW	2
2ODUxmFxJSyvGiimNhMHbO	5dCuFngSPyOOnTAvrC7v2s	3
2ODUxmFxJSyvGiimNhMHbO	2gCsNOpiBaMNh20jQ5prf0	4
2ODUxmFxJSyvGiimNhMHbO	0augulkuXFx1qPfb590w2C	5
4WlSvDKaq1PA2Nr7cCIPxX	59zdhVoWxSoHMc74n098Re	1
4WlSvDKaq1PA2Nr7cCIPxX	2E6Roj0oQnJIm2BeXwDica	2
4WlSvDKaq1PA2Nr7cCIPxX	2pdvghEHZJtgSXZ7cvNLou	3
4WlSvDKaq1PA2Nr7cCIPxX	2mDlls63YpRsMjgpyXxyu6	4
4WlSvDKaq1PA2Nr7cCIPxX	75vKPpImuKHbtBFV9T7Ygz	5
3v4feUQnU3VEUqFrjmtekL	2CxLP749mup3ncPrXgCnvU	1
3v4feUQnU3VEUqFrjmtekL	6ysQi6NI88X627t2srsWz6	2
3v4feUQnU3VEUqFrjmtekL	5HFtQOrPHOFptM1WF9xPuK	3
3v4feUQnU3VEUqFrjmtekL	2e53aHBQdCMKWqHDuyJsjC	4
3v4feUQnU3VEUqFrjmtekL	5GUVj2b1lJ4DolQyHlzyaO	5
5odf7hjI7hyvAw66tmxhGF	24Wa5wIZIo1sPkzVGP0B5p	1
5odf7hjI7hyvAw66tmxhGF	6DbJi8AcN5ANdtvJcwBSw8	2
5odf7hjI7hyvAw66tmxhGF	6spXkXEP6teMn2cu9sWbBR	3
5odf7hjI7hyvAw66tmxhGF	1OwarW4LEHnoep20ixRA0y	4
5odf7hjI7hyvAw66tmxhGF	3d2pb1dHTm8b61zAGVUVvO	5
5BaHqGtf6UAZnHfqdPaTDA	3i9hP422d2KMjaupTzBNVS	1
5BaHqGtf6UAZnHfqdPaTDA	2lxX1ivRYp26soIavdG9bX	2
5BaHqGtf6UAZnHfqdPaTDA	57xdnSVt4ahJCIXYLieQ25	3
5BaHqGtf6UAZnHfqdPaTDA	5U16QlMnlSAhkQxBZpLyLO	4
5BaHqGtf6UAZnHfqdPaTDA	1YqGsKpdixxSVgpfaL2AEQ	5
5670CyWrIOA7702gNjsGMZ	3i9hP422d2KMjaupTzBNVS	1
5670CyWrIOA7702gNjsGMZ	4QmkLL9JOqM9dusHS1Hghe	2
5670CyWrIOA7702gNjsGMZ	2VL8sLEJ6lHEwocjc1pN9w	3
5670CyWrIOA7702gNjsGMZ	6waa8mKu91GjzD4NlONlNJ	4
5670CyWrIOA7702gNjsGMZ	5gNduPlUGHsgy1w7f71obH	5
4ZSzroBNV7HzBDO9aohuF1	4zmxet3ZPdSmL3Xyv1Wegb	1
4ZSzroBNV7HzBDO9aohuF1	2IU5UBup85LmAXh5U36DeC	2
4ZSzroBNV7HzBDO9aohuF1	0XTxadWXVyfB8eTIYOjMYj	3
4ZSzroBNV7HzBDO9aohuF1	01hRNr3yF5bYnPq4wZ88iI	4
4ZSzroBNV7HzBDO9aohuF1	2kuNswDC82PL9xRbfaZJaS	5
0XTxadWXVyfB8eTIYOjMYj	0Ma8KxtvoIDSU5fHtuTS9F	1
0XTxadWXVyfB8eTIYOjMYj	4zmxet3ZPdSmL3Xyv1Wegb	2
0XTxadWXVyfB8eTIYOjMYj	0DAqhikcMKLo2lPADVz2fs	3
0XTxadWXVyfB8eTIYOjMYj	01hRNr3yF5bYnPq4wZ88iI	4
0XTxadWXVyfB8eTIYOjMYj	4asCC4oxQcDzFXhCth2SgQ	5
4zmxet3ZPdSmL3Xyv1Wegb	0XTxadWXVyfB8eTIYOjMYj	1
4zmxet3ZPdSmL3Xyv1Wegb	2IU5UBup85LmAXh5U36DeC	2
4zmxet3ZPdSmL3Xyv1Wegb	0Ma8KxtvoIDSU5fHtuTS9F	3
4zmxet3ZPdSmL3Xyv1Wegb	4ZSzroBNV7HzBDO9aohuF1	4
4zmxet3ZPdSmL3Xyv1Wegb	01hRNr3yF5bYnPq4wZ88iI	5
5X3TuTi9OIsJXMGxPwTKM2	0Ma8KxtvoIDSU5fHtuTS9F	1
5X3TuTi9OIsJXMGxPwTKM2	0DAqhikcMKLo2lPADVz2fs	2
5X3TuTi9OIsJXMGxPwTKM2	0XTxadWXVyfB8eTIYOjMYj	3
5X3TuTi9OIsJXMGxPwTKM2	01hRNr3yF5bYnPq4wZ88iI	4
5X3TuTi9OIsJXMGxPwTKM2	3TiISqKS6ESlMQ4WFfZJw2	5
27q3FvkUk607B71x6G4rXz	6i8kpDUSsrOOhPHfNYhMeF	1
27q3FvkUk607B71x6G4rXz	0rESpKEusFHxhW59MIf7eM	2
27q3FvkUk607B71x6G4rXz	1KA3WXYMPLxomNuoE22LYd	3
27q3FvkUk607B71x6G4rXz	3QcM2tU8CDY3LyzvwCj1CI	4
27q3FvkUk607B71x6G4rXz	040Bv6cZTRh30LyyYVXgJX	5
6i8kpDUSsrOOhPHfNYhMeF	27q3FvkUk607B71x6G4rXz	1
6i8kpDUSsrOOhPHfNYhMeF	0rESpKEusFHxhW59MIf7eM	2
6i8kpDUSsrOOhPHfNYhMeF	1KA3WXYMPLxomNuoE22LYd	3
6i8kpDUSsrOOhPHfNYhMeF	040Bv6cZTRh30LyyYVXgJX	4
6i8kpDUSsrOOhPHfNYhMeF	70FybmH2MMz9fHewhnLvjs	5
1KA3WXYMPLxomNuoE22LYd	0rESpKEusFHxhW59MIf7eM	1
1KA3WXYMPLxomNuoE22LYd	6i8kpDUSsrOOhPHfNYhMeF	2
1KA3WXYMPLxomNuoE22LYd	040Bv6cZTRh30LyyYVXgJX	3
1KA3WXYMPLxomNuoE22LYd	3ZWab2LEVkNKiBPIClTwof	4
1KA3WXYMPLxomNuoE22LYd	1PCZpxHJz7WAMF8EEq8bfc	5
3Q6OOkfssqoMSTtl11J5Uk	1kkpNi8Ii5MhBMxmUhN5g9	1
3Q6OOkfssqoMSTtl11J5Uk	5U16QlMnlSAhkQxBZpLyLO	2
3Q6OOkfssqoMSTtl11J5Uk	0NHSh9S0VQiFfsEFbvhRXN	3
3Q6OOkfssqoMSTtl11J5Uk	0a63dfrxBQKqh160P8iUNL	4
3Q6OOkfssqoMSTtl11J5Uk	5mcarhiatlvfCghqcn73rC	5
59zdhVoWxSoHMc74n098Re	2E6Roj0oQnJIm2BeXwDica	1
59zdhVoWxSoHMc74n098Re	4WlSvDKaq1PA2Nr7cCIPxX	2
59zdhVoWxSoHMc74n098Re	2mDlls63YpRsMjgpyXxyu6	3
59zdhVoWxSoHMc74n098Re	2pdvghEHZJtgSXZ7cvNLou	4
59zdhVoWxSoHMc74n098Re	3ExrAwcOqgGjt9kFRwdM76	5
4O8NcI06slOnzcloI95qfe	040Bv6cZTRh30LyyYVXgJX	1
4O8NcI06slOnzcloI95qfe	5gl6pfPwJ1coivVUMZPiS9	2
4O8NcI06slOnzcloI95qfe	59zdhVoWxSoHMc74n098Re	3
4O8NcI06slOnzcloI95qfe	3xmUdkZUQbtMM62XP4nnb6	4
4O8NcI06slOnzcloI95qfe	2E6Roj0oQnJIm2BeXwDica	5
3ExrAwcOqgGjt9kFRwdM76	59zdhVoWxSoHMc74n098Re	1
3ExrAwcOqgGjt9kFRwdM76	4WlSvDKaq1PA2Nr7cCIPxX	2
3ExrAwcOqgGjt9kFRwdM76	2E6Roj0oQnJIm2BeXwDica	3
3ExrAwcOqgGjt9kFRwdM76	040Bv6cZTRh30LyyYVXgJX	4
3ExrAwcOqgGjt9kFRwdM76	70FybmH2MMz9fHewhnLvjs	5
3QcM2tU8CDY3LyzvwCj1CI	040Bv6cZTRh30LyyYVXgJX	1
3QcM2tU8CDY3LyzvwCj1CI	27q3FvkUk607B71x6G4rXz	2
3QcM2tU8CDY3LyzvwCj1CI	0rESpKEusFHxhW59MIf7eM	3
3QcM2tU8CDY3LyzvwCj1CI	5Tic1bWAbmRoLrqaJ5SxU2	4
3QcM2tU8CDY3LyzvwCj1CI	70FybmH2MMz9fHewhnLvjs	5
2E6Roj0oQnJIm2BeXwDica	59zdhVoWxSoHMc74n098Re	1
2E6Roj0oQnJIm2BeXwDica	4WlSvDKaq1PA2Nr7cCIPxX	2
2E6Roj0oQnJIm2BeXwDica	2pdvghEHZJtgSXZ7cvNLou	3
2E6Roj0oQnJIm2BeXwDica	2mDlls63YpRsMjgpyXxyu6	4
2E6Roj0oQnJIm2BeXwDica	3ExrAwcOqgGjt9kFRwdM76	5
2pdvghEHZJtgSXZ7cvNLou	59zdhVoWxSoHMc74n098Re	1
2pdvghEHZJtgSXZ7cvNLou	2E6Roj0oQnJIm2BeXwDica	2
2pdvghEHZJtgSXZ7cvNLou	2mDlls63YpRsMjgpyXxyu6	3
2pdvghEHZJtgSXZ7cvNLou	4WlSvDKaq1PA2Nr7cCIPxX	4
2pdvghEHZJtgSXZ7cvNLou	3eskO5m0H4yiF64vRySBjr	5
24GaH9tRBgZjlvOhpFuKi2	4FAEZeJcsYYBkNq2D3KGTV	1
24GaH9tRBgZjlvOhpFuKi2	6eEsIl4wosvhuWI0mfXxAF	2
24GaH9tRBgZjlvOhpFuKi2	1CD77o9fbdyQFrHnUPUEsF	3
24GaH9tRBgZjlvOhpFuKi2	49JvZ17o0VaAmXaJv5kZlv	4
24GaH9tRBgZjlvOhpFuKi2	2IU5UBup85LmAXh5U36DeC	5
46njgd2Rq9tZc4ZjeQMgbh	6jdObwsrIjSRnBbMw6lPBj	1
46njgd2Rq9tZc4ZjeQMgbh	5gxynDEKwNDgxGJmJjZyte	2
46njgd2Rq9tZc4ZjeQMgbh	6clbbhnIqpHnqxwtOWcilg	3
46njgd2Rq9tZc4ZjeQMgbh	7emRV8AluG3d4e5T0DZiK9	4
46njgd2Rq9tZc4ZjeQMgbh	3Y5abCLsMxsOLaZ8rYusSR	5
04tBaW21jyUfeP5iqiKBVq	5MWBg16f5UYiaSlyVhzlIW	1
04tBaW21jyUfeP5iqiKBVq	49WlsIvcUYj7Awo93hDKgf	2
04tBaW21jyUfeP5iqiKBVq	2aVHDjRHRM7dcFkGwahXLG	3
04tBaW21jyUfeP5iqiKBVq	5iksmHDN2qZQcgFfXqIXtT	4
04tBaW21jyUfeP5iqiKBVq	6zHRqvws8dVeqL8D31ponr	5
1yap1SgRPMxgyfrrDlQ95y	040Bv6cZTRh30LyyYVXgJX	1
1yap1SgRPMxgyfrrDlQ95y	5gl6pfPwJ1coivVUMZPiS9	2
1yap1SgRPMxgyfrrDlQ95y	27DCwiPx5ocQsf4K43SlIL	3
1yap1SgRPMxgyfrrDlQ95y	3SMY2MGuaUOhuPpgRn6clw	4
1yap1SgRPMxgyfrrDlQ95y	3M8NUieZuEOMs0Hf210w4n	5
04zDwTMN8SPPydYIfSeFYf	5gl6pfPwJ1coivVUMZPiS9	1
04zDwTMN8SPPydYIfSeFYf	4Q82S0VzF8qlCb4PnSDurj	2
04zDwTMN8SPPydYIfSeFYf	0yiSGGu3grpaH56F9znIeU	3
04zDwTMN8SPPydYIfSeFYf	6X9rzvFSffHT68gJRZqCAu	4
04zDwTMN8SPPydYIfSeFYf	2RnjzTi9pBPXEqOtKh4OPj	5
5gNduPlUGHsgy1w7f71obH	4QmkLL9JOqM9dusHS1Hghe	1
5gNduPlUGHsgy1w7f71obH	3UmBeGyNwr4iDWi1vTxWi8	2
5gNduPlUGHsgy1w7f71obH	2VL8sLEJ6lHEwocjc1pN9w	3
5gNduPlUGHsgy1w7f71obH	6B90OW5Tz38W97TVB6stEm	4
5gNduPlUGHsgy1w7f71obH	1wCc2Wgga1H8C7u57pcqYk	5
1wCc2Wgga1H8C7u57pcqYk	5gNduPlUGHsgy1w7f71obH	1
1wCc2Wgga1H8C7u57pcqYk	4QmkLL9JOqM9dusHS1Hghe	2
1wCc2Wgga1H8C7u57pcqYk	6B90OW5Tz38W97TVB6stEm	3
1wCc2Wgga1H8C7u57pcqYk	2322gLwXvyJa6PejhOWQEH	4
1wCc2Wgga1H8C7u57pcqYk	2VL8sLEJ6lHEwocjc1pN9w	5
3UmBeGyNwr4iDWi1vTxWi8	4QmkLL9JOqM9dusHS1Hghe	1
3UmBeGyNwr4iDWi1vTxWi8	48YxSlb23RAaCd4RyHcV9V	2
3UmBeGyNwr4iDWi1vTxWi8	5gNduPlUGHsgy1w7f71obH	3
3UmBeGyNwr4iDWi1vTxWi8	1wCc2Wgga1H8C7u57pcqYk	4
3UmBeGyNwr4iDWi1vTxWi8	2VL8sLEJ6lHEwocjc1pN9w	5
41qTjISnBzDLRlrJEJNGKj	3qL4moFMePG5zA87tLcCOM	1
41qTjISnBzDLRlrJEJNGKj	4QmkLL9JOqM9dusHS1Hghe	2
41qTjISnBzDLRlrJEJNGKj	3LUkBWNeAcbLju5dL8poH3	3
41qTjISnBzDLRlrJEJNGKj	6B90OW5Tz38W97TVB6stEm	4
41qTjISnBzDLRlrJEJNGKj	6G18NLfr5luyGYgMKIupm3	5
3qL4moFMePG5zA87tLcCOM	41qTjISnBzDLRlrJEJNGKj	1
3qL4moFMePG5zA87tLcCOM	4QmkLL9JOqM9dusHS1Hghe	2
3qL4moFMePG5zA87tLcCOM	5gNduPlUGHsgy1w7f71obH	3
3qL4moFMePG5zA87tLcCOM	3UmBeGyNwr4iDWi1vTxWi8	4
3qL4moFMePG5zA87tLcCOM	3LUkBWNeAcbLju5dL8poH3	5
3BqaUtuQmqIHg7B5Bc7fP7	4eBRIkqBA2GyYKzLvXD9a4	1
3BqaUtuQmqIHg7B5Bc7fP7	65Gh3BfK84aTIugiRCgLBA	2
3BqaUtuQmqIHg7B5Bc7fP7	6c8INA1EQQe9TkukfEdiCA	3
3BqaUtuQmqIHg7B5Bc7fP7	2CZj6Atoe6w2JhkMQnOEXo	4
3BqaUtuQmqIHg7B5Bc7fP7	722MDCdw3Ee4SdESC4uy38	5
3yesh1QeNXucaDFw8ZPKxd	4WquJweZPIK9qcfVFhTKvf	1
3yesh1QeNXucaDFw8ZPKxd	46hWN2cZ7MboMi8eUmxttj	2
3yesh1QeNXucaDFw8ZPKxd	7CW5MYWUsyUYiHbiTmVZHe	3
3yesh1QeNXucaDFw8ZPKxd	298i00ena8XMnm9O3qlHtU	4
3yesh1QeNXucaDFw8ZPKxd	2Ohpu0UE5PFDgfhUxEi0Fy	5
5UDDnXpPNuL91XxNJLX47f	7CW5MYWUsyUYiHbiTmVZHe	1
5UDDnXpPNuL91XxNJLX47f	3UvcmAOZt64oKpP95f6MMM	2
5UDDnXpPNuL91XxNJLX47f	1CYmYyxlWBVY80Kvq5lTDg	3
5UDDnXpPNuL91XxNJLX47f	6IpcPRU1kV0J58kd2w8vSC	4
5UDDnXpPNuL91XxNJLX47f	2Sp19cOHSqAUlE64hekARW	5
1CYmYyxlWBVY80Kvq5lTDg	6HRtcKFPKPw6FtbGpvQviZ	1
1CYmYyxlWBVY80Kvq5lTDg	7CW5MYWUsyUYiHbiTmVZHe	2
1CYmYyxlWBVY80Kvq5lTDg	3aCS3JvkoSr84i7ge9pA9o	3
1CYmYyxlWBVY80Kvq5lTDg	3oFRpiLvaflFOVNxvsLrze	4
1CYmYyxlWBVY80Kvq5lTDg	4UETUdF77BfyJ7fEFVztr3	5
7CW5MYWUsyUYiHbiTmVZHe	3UvcmAOZt64oKpP95f6MMM	1
7CW5MYWUsyUYiHbiTmVZHe	1CYmYyxlWBVY80Kvq5lTDg	2
7CW5MYWUsyUYiHbiTmVZHe	5UDDnXpPNuL91XxNJLX47f	3
7CW5MYWUsyUYiHbiTmVZHe	1i7YYagcULgnW5Qilsto1d	4
7CW5MYWUsyUYiHbiTmVZHe	3yesh1QeNXucaDFw8ZPKxd	5
3oFRpiLvaflFOVNxvsLrze	3MBZ7cW7vbWlM9YMYaXE9n	1
3oFRpiLvaflFOVNxvsLrze	0ShV0veaBj1NvWRORhuwlI	2
3oFRpiLvaflFOVNxvsLrze	6IpcPRU1kV0J58kd2w8vSC	3
3oFRpiLvaflFOVNxvsLrze	5GdL3YywdzweoBs0So2wYM	4
3oFRpiLvaflFOVNxvsLrze	7BnikuGfXRWkGLJCWS1y9P	5
0ShV0veaBj1NvWRORhuwlI	3MBZ7cW7vbWlM9YMYaXE9n	1
0ShV0veaBj1NvWRORhuwlI	3oFRpiLvaflFOVNxvsLrze	2
0ShV0veaBj1NvWRORhuwlI	1hWcYskBVGhbLnJVV8UR3x	3
0ShV0veaBj1NvWRORhuwlI	2kDyODn1VxVZXZQxsEvHFG	4
0ShV0veaBj1NvWRORhuwlI	6fW8NRC1UOz5iXvjy4lqh9	5
6IpcPRU1kV0J58kd2w8vSC	3oFRpiLvaflFOVNxvsLrze	1
6IpcPRU1kV0J58kd2w8vSC	3MBZ7cW7vbWlM9YMYaXE9n	2
6IpcPRU1kV0J58kd2w8vSC	0ShV0veaBj1NvWRORhuwlI	3
6IpcPRU1kV0J58kd2w8vSC	298i00ena8XMnm9O3qlHtU	4
6IpcPRU1kV0J58kd2w8vSC	7Kkx4dACo6kFSeT9wjfVA5	5
2UZMlIwnkgAEDBsw1Rejkn	4tX2TplrkIP4v05BNC903e	1
2UZMlIwnkgAEDBsw1Rejkn	3lPQ2Fk5JOwGWAF3ORFCqH	2
2UZMlIwnkgAEDBsw1Rejkn	2hO4YtXUFJiUYS2uYFvHNK	3
2UZMlIwnkgAEDBsw1Rejkn	6QtGlUje9TIkLrgPZrESuk	4
2UZMlIwnkgAEDBsw1Rejkn	5lkiCO9UQ8B23dZ1o0UV4m	5
4tX2TplrkIP4v05BNC903e	2UZMlIwnkgAEDBsw1Rejkn	1
4tX2TplrkIP4v05BNC903e	3lPQ2Fk5JOwGWAF3ORFCqH	2
4tX2TplrkIP4v05BNC903e	6QtGlUje9TIkLrgPZrESuk	3
4tX2TplrkIP4v05BNC903e	2hO4YtXUFJiUYS2uYFvHNK	4
4tX2TplrkIP4v05BNC903e	5bDxAyJiTYBat1YnFJhvEK	5
0vn7UBvSQECKJm2817Yf1P	5lkiCO9UQ8B23dZ1o0UV4m	1
0vn7UBvSQECKJm2817Yf1P	319yZVtYM9MBGqmSQnMyY6	2
0vn7UBvSQECKJm2817Yf1P	1R6Hx1tJ2VOUyodEpC12xM	3
0vn7UBvSQECKJm2817Yf1P	0cA5Tg15TwARIRZeiNT1RO	4
0vn7UBvSQECKJm2817Yf1P	2pdvghEHZJtgSXZ7cvNLou	5
1R6Hx1tJ2VOUyodEpC12xM	42q4Ivs7tAiCZ5C7eG5q4c	1
1R6Hx1tJ2VOUyodEpC12xM	23rleGXVOVVgTk3xgtmfE4	2
1R6Hx1tJ2VOUyodEpC12xM	0vn7UBvSQECKJm2817Yf1P	3
1R6Hx1tJ2VOUyodEpC12xM	1gRNBaI4yn6wCCTvRhGWh8	4
1R6Hx1tJ2VOUyodEpC12xM	0cA5Tg15TwARIRZeiNT1RO	5
23rleGXVOVVgTk3xgtmfE4	42q4Ivs7tAiCZ5C7eG5q4c	1
23rleGXVOVVgTk3xgtmfE4	1R6Hx1tJ2VOUyodEpC12xM	2
23rleGXVOVVgTk3xgtmfE4	0cA5Tg15TwARIRZeiNT1RO	3
23rleGXVOVVgTk3xgtmfE4	6yrBBtqX2gKCHCrZOYBDrB	4
23rleGXVOVVgTk3xgtmfE4	7emRV8AluG3d4e5T0DZiK9	5
42q4Ivs7tAiCZ5C7eG5q4c	1R6Hx1tJ2VOUyodEpC12xM	1
42q4Ivs7tAiCZ5C7eG5q4c	23rleGXVOVVgTk3xgtmfE4	2
42q4Ivs7tAiCZ5C7eG5q4c	0cA5Tg15TwARIRZeiNT1RO	3
42q4Ivs7tAiCZ5C7eG5q4c	1gRNBaI4yn6wCCTvRhGWh8	4
42q4Ivs7tAiCZ5C7eG5q4c	0vn7UBvSQECKJm2817Yf1P	5
6kEsKkXuE4olX7m3mNLZkS	0cA5Tg15TwARIRZeiNT1RO	1
6kEsKkXuE4olX7m3mNLZkS	1gRNBaI4yn6wCCTvRhGWh8	2
6kEsKkXuE4olX7m3mNLZkS	4FtSnMlCVxCswABUmdhwpm	3
6kEsKkXuE4olX7m3mNLZkS	0DW7boyjvbaSP3OJ72sXgC	4
6kEsKkXuE4olX7m3mNLZkS	4HVmeVTQBgvTuvjB1JYwaf	5
2m62cc253Xvd9qYQ8d2X3d	3JsMj0DEzyWc0VDlHuy9Bx	1
2m62cc253Xvd9qYQ8d2X3d	2utNxkLhreF1oIfO8kQT3q	2
2m62cc253Xvd9qYQ8d2X3d	3CkvROUTQ6nRi9yQOcsB50	3
2m62cc253Xvd9qYQ8d2X3d	7AC976RDJzL2asmZuz7qil	4
2m62cc253Xvd9qYQ8d2X3d	2pVMD4bFwl4AyoYyyo51Qg	5
6i6WlGzQtXtz7GcC5H5st5	0DW7boyjvbaSP3OJ72sXgC	1
6i6WlGzQtXtz7GcC5H5st5	7tjbDPvrdvDshcpEMXKRVb	2
6i6WlGzQtXtz7GcC5H5st5	2utNxkLhreF1oIfO8kQT3q	3
6i6WlGzQtXtz7GcC5H5st5	02zGgCB9SiSPeDYMfwPJXK	4
6i6WlGzQtXtz7GcC5H5st5	7jefIIksOi1EazgRTfW2Pk	5
3JsMj0DEzyWc0VDlHuy9Bx	2m62cc253Xvd9qYQ8d2X3d	1
3JsMj0DEzyWc0VDlHuy9Bx	3CkvROUTQ6nRi9yQOcsB50	2
3JsMj0DEzyWc0VDlHuy9Bx	6i6WlGzQtXtz7GcC5H5st5	3
3JsMj0DEzyWc0VDlHuy9Bx	2utNxkLhreF1oIfO8kQT3q	4
3JsMj0DEzyWc0VDlHuy9Bx	7AC976RDJzL2asmZuz7qil	5
0DW7boyjvbaSP3OJ72sXgC	7tjbDPvrdvDshcpEMXKRVb	1
0DW7boyjvbaSP3OJ72sXgC	1C4kZs9XyNnm9HWFng6ZFH	2
0DW7boyjvbaSP3OJ72sXgC	6kEsKkXuE4olX7m3mNLZkS	3
0DW7boyjvbaSP3OJ72sXgC	3lHXm91pKLq9Sxi6CoRKWu	4
0DW7boyjvbaSP3OJ72sXgC	0cA5Tg15TwARIRZeiNT1RO	5
5BcZ22XONcRoLhTbZRuME1	0GbqW5TJr7n4is453VOY4C	1
5BcZ22XONcRoLhTbZRuME1	1C4kZs9XyNnm9HWFng6ZFH	2
5BcZ22XONcRoLhTbZRuME1	6w6z8m4WXX7Tub4Rb6Lu7R	3
5BcZ22XONcRoLhTbZRuME1	0nCiidE5GgDrc5kWN3NZgZ	4
5BcZ22XONcRoLhTbZRuME1	2pVMD4bFwl4AyoYyyo51Qg	5
5o1To8xDQy2hlFU4AoyRFf	1C4kZs9XyNnm9HWFng6ZFH	1
5o1To8xDQy2hlFU4AoyRFf	6WtbTdrePgFtJ26EC2K1IH	2
5o1To8xDQy2hlFU4AoyRFf	4CPCryKuTNNCSWoL8DEqNb	3
5o1To8xDQy2hlFU4AoyRFf	5BcZ22XONcRoLhTbZRuME1	4
5o1To8xDQy2hlFU4AoyRFf	3bTAaMx9nf237AkBnGw3vL	5
0GoR8CuoikLD53GNMZUGHN	4vs7NIU7kZc2Efh6yOGKEZ	1
0GoR8CuoikLD53GNMZUGHN	6VWHWGvsfZm3cOsRCOqwq6	2
0GoR8CuoikLD53GNMZUGHN	6W7XIO8Ua1RIisnSf0QIoI	3
0GoR8CuoikLD53GNMZUGHN	2iptQ8hQmUa7kZocEBHt7u	4
0GoR8CuoikLD53GNMZUGHN	2XTWgA3XVWe1N4qWBTNQei	5
2pVMD4bFwl4AyoYyyo51Qg	7dtYyLTWjuZGOcweC3eD2f	1
2pVMD4bFwl4AyoYyyo51Qg	3Uz6jx81OY2J5K8Z4wmy2P	2
2pVMD4bFwl4AyoYyyo51Qg	2utNxkLhreF1oIfO8kQT3q	3
2pVMD4bFwl4AyoYyyo51Qg	5kwbFaRKf9HCFGrJPacZ7s	4
2pVMD4bFwl4AyoYyyo51Qg	3lHXm91pKLq9Sxi6CoRKWu	5