1Xyo4u8uXC1ZmMpatF05PJ	2h93pZq0e7k5yf4dywlkpM	5
1Xyo4u8uXC1ZmMpatF05PJ	5ZS223C6JyBfXasXxrRqOk	4
1Xyo4u8uXC1ZmMpatF05PJ	360IAlyVv4PCEVjgyMZrxK	3
1Xyo4u8uXC1ZmMpatF05PJ	13ubrt8QOOCPljQ2FL1Kca	2
1Xyo4u8uXC1ZmMpatF05PJ	73sIBHcqh3Z3NyqHKZ7FOL	1
73sIBHcqh3Z3NyqHKZ7FOL	4V8LLVI7PbaPR0K2TGSxFF	5
73sIBHcqh3Z3NyqHKZ7FOL	3A5tHz1SfngyOZM2gItYKu	4
73sIBHcqh3Z3NyqHKZ7FOL	68kEuyFKyqrdQQLLsmiatm	3
73sIBHcqh3Z3NyqHKZ7FOL	0uFc6StTmJBvdHPZFDkdJy	2
73sIBHcqh3Z3NyqHKZ7FOL	27w1NoOLMX7tJMYqcetPyG	1
13ubrt8QOOCPljQ2FL1Kca	5dHt1vcEm9qb8fCyLcB3HL	5
13ubrt8QOOCPljQ2FL1Kca	0ONHkAv9pCAFxb0zJwDNTy	4
13ubrt8QOOCPljQ2FL1Kca	4V8LLVI7PbaPR0K2TGSxFF	3
13ubrt8QOOCPljQ2FL1Kca	3A5tHz1SfngyOZM2gItYKu	2
13ubrt8QOOCPljQ2FL1Kca	2P5sC9cVZDToPxyomzF1UH	1
360IAlyVv4PCEVjgyMZrxK	7G6hXrjGpi6I7waNl4wxAk	5
360IAlyVv4PCEVjgyMZrxK	1W3FSF1BLpY3hlVIgvenLz	4
360IAlyVv4PCEVjgyMZrxK	5ZS223C6JyBfXasXxrRqOk	3
360IAlyVv4PCEVjgyMZrxK	1Xfmvd48oOhEWkscWyEbh9	2
360IAlyVv4PCEVjgyMZrxK	2iojnBLj0qIMiKPvVhLnsH	1
5ZS223C6JyBfXasXxrRqOk	4ULO7IGI3M2bo0Ap7B9h8a	5
5ZS223C6JyBfXasXxrRqOk	0jUQSUOcM7lxVn5eVGTkzQ	4
5ZS223C6JyBfXasXxrRqOk	0cGUm45nv7Z6M6qdXYQGTX	3
5ZS223C6JyBfXasXxrRqOk	6If57j6e3TXXk0HiLcIZca	2
5ZS223C6JyBfXasXxrRqOk	6cN9XwPMj9bWzJ32GC6V7v	1
2h93pZq0e7k5yf4dywlkpM	4V8LLVI7PbaPR0K2TGSxFF	5
2h93pZq0e7k5yf4dywlkpM	360IAlyVv4PCEVjgyMZrxK	4
2h93pZq0e7k5yf4dywlkpM	3A5tHz1SfngyOZM2gItYKu	3
2h93pZq0e7k5yf4dywlkpM	73sIBHcqh3Z3NyqHKZ7FOL	2
2h93pZq0e7k5yf4dywlkpM	1anyVhU62p31KFi8MEzkbf	1
27w1NoOLMX7tJMYqcetPyG	1FvjvACFvko2Z91IvDljrx	5
27w1NoOLMX7tJMYqcetPyG	0JdGPxHeRGfOyZg3EHwp2g	4
27w1NoOLMX7tJMYqcetPyG	64MoApwh8MFMHUarm13lrv	3
27w1NoOLMX7tJMYqcetPyG	6aaMZ3fcfLv4tEbmY7bjRM	2
27w1NoOLMX7tJMYqcetPyG	1anyVhU62p31KFi8MEzkbf	1
0uFc6StTmJBvdHPZFDkdJy	6vHBuUxrcpn1do5UaEJ7g6	5
0uFc6StTmJBvdHPZFDkdJy	5CCrgHVEWtg8YTEn1UaYug	4
0uFc6StTmJBvdHPZFDkdJy	0B1prtAE9Ca9hTs0rUkjHG	3
0uFc6StTmJBvdHPZFDkdJy	2F3zBRfrDfm2FyNT0YKyAx	2
0uFc6StTmJBvdHPZFDkdJy	68kEuyFKyqrdQQLLsmiatm	1
68kEuyFKyqrdQQLLsmiatm	3A5tHz1SfngyOZM2gItYKu	5
68kEuyFKyqrdQQLLsmiatm	6vHBuUxrcpn1do5UaEJ7g6	4
68kEuyFKyqrdQQLLsmiatm	0uFc6StTmJBvdHPZFDkdJy	3
68kEuyFKyqrdQQLLsmiatm	7aA592KWirLsnfb5ulGWvU	2
68kEuyFKyqrdQQLLsmiatm	5CCrgHVEWtg8YTEn1UaYug	1
3A5tHz1SfngyOZM2gItYKu	6vHBuUxrcpn1do5UaEJ7g6	5
3A5tHz1SfngyOZM2gItYKu	4V8LLVI7PbaPR0K2TGSxFF	4
3A5tHz1SfngyOZM2gItYKu	5CCrgHVEWtg8YTEn1UaYug	3
3A5tHz1SfngyOZM2gItYKu	68kEuyFKyqrdQQLLsmiatm	2
3A5tHz1SfngyOZM2gItYKu	1QdjL34EAib5zndNoqA2ly	1
4V8LLVI7PbaPR0K2TGSxFF	3A5tHz1SfngyOZM2gItYKu	5
4V8LLVI7PbaPR0K2TGSxFF	6vHBuUxrcpn1do5UaEJ7g6	4
4V8LLVI7PbaPR0K2TGSxFF	5CCrgHVEWtg8YTEn1UaYug	3
4V8LLVI7PbaPR0K2TGSxFF	5xpkLC1MxiPRiIJUDEzuVm	2
4V8LLVI7PbaPR0K2TGSxFF	68kEuyFKyqrdQQLLsmiatm	1
2P5sC9cVZDToPxyomzF1UH	51Pn4gGnZuyOMDfIT1Zy3N	5
2P5sC9cVZDToPxyomzF1UH	0g9vAlRPK9Gt3FKCekk4TW	4
2P5sC9cVZDToPxyomzF1UH	1FvjvACFvko2Z91IvDljrx	3
2P5sC9cVZDToPxyomzF1UH	6vHBuUxrcpn1do5UaEJ7g6	2
2P5sC9cVZDToPxyomzF1UH	1dqGS5sT6PE2wEvP1gROZC	1
0ONHkAv9pCAFxb0zJwDNTy	6X8WdFjrNhXATMDSs26aCc	5
0ONHkAv9pCAFxb0zJwDNTy	1SAugjIcuwNPKS4urSB7A6	4
0ONHkAv9pCAFxb0zJwDNTy	0Y4inQK6OespitzD6ijMwb	3
0ONHkAv9pCAFxb0zJwDNTy	2J257euzcjnDLipsyJH3F2	2
0ONHkAv9pCAFxb0zJwDNTy	0CKa42Jqrc9fSFbDjePaXP	1
5dHt1vcEm9qb8fCyLcB3HL	13ubrt8QOOCPljQ2FL1Kca	5
5dHt1vcEm9qb8fCyLcB3HL	7yO4IdJjCEPz7YgZMe25iS	4
5dHt1vcEm9qb8fCyLcB3HL	68kEuyFKyqrdQQLLsmiatm	3
5dHt1vcEm9qb8fCyLcB3HL	0Y5tJX1MQlPlqiwlOH1tJY	2
5dHt1vcEm9qb8fCyLcB3HL	0I5HubncQ8E1MFZOlPDY4J	1
2iojnBLj0qIMiKPvVhLnsH	7G6hXrjGpi6I7waNl4wxAk	5
2iojnBLj0qIMiKPvVhLnsH	0f5nVCcR06GX8Qikz0COtT	4
2iojnBLj0qIMiKPvVhLnsH	1Xfmvd48oOhEWkscWyEbh9	3
2iojnBLj0qIMiKPvVhLnsH	1W3FSF1BLpY3hlVIgvenLz	2
2iojnBLj0qIMiKPvVhLnsH	6dROiL44pIQZVNZ6Bc0OJO	1
1Xfmvd48oOhEWkscWyEbh9	7G6hXrjGpi6I7waNl4wxAk	5
1Xfmvd48oOhEWkscWyEbh9	7r8RF1tN2A4CiGEplkp1oP	4
1Xfmvd48oOhEWkscWyEbh9	1goOx6gnQdUllLfSMsL4Rt	3
1Xfmvd48oOhEWkscWyEbh9	4HgF4KnohByNElYid7iCNb	2
1Xfmvd48oOhEWkscWyEbh9	6XwcepfAsPhrvwziGxhwju	1
1W3FSF1BLpY3hlVIgvenLz	7G6hXrjGpi6I7waNl4wxAk	5
1W3FSF1BLpY3hlVIgvenLz	1Xfmvd48oOhEWkscWyEbh9	4
1W3FSF1BLpY3hlVIgvenLz	7r8RF1tN2A4CiGEplkp1oP	3
1W3FSF1BLpY3hlVIgvenLz	4HgF4KnohByNElYid7iCNb	2
1W3FSF1BLpY3hlVIgvenLz	0f5nVCcR06GX8Qikz0COtT	1
7G6hXrjGpi6I7waNl4wxAk	7r8RF1tN2A4CiGEplkp1oP	5
7G6hXrjGpi6I7waNl4wxAk	1Xfmvd48oOhEWkscWyEbh9	4
7G6hXrjGpi6I7waNl4wxAk	1goOx6gnQdUllLfSMsL4Rt	3
7G6hXrjGpi6I7waNl4wxAk	4sbB4Yy6Qig51pKCIKSLw3	2
7G6hXrjGpi6I7waNl4wxAk	7dpKVB4mK3ufNdZOpMKtrd	1
6cN9XwPMj9bWzJ32GC6V7v	3CoW2DhcuWKs93YEjEY5Eq	5
6cN9XwPMj9bWzJ32GC6V7v	15Dh5PvHQj909E0RgAe0aN	4
6cN9XwPMj9bWzJ32GC6V7v	6Mox9P9U7HpuAd9ULwvP7N	3
6cN9XwPMj9bWzJ32GC6V7v	5xenrbYhp4IRydrWpBe4Bx	2
6cN9XwPMj9bWzJ32GC6V7v	4ULO7IGI3M2bo0Ap7B9h8a	1
6If57j6e3TXXk0HiLcIZca	2retT7MFwHDVTeGKDdybEx	5
6If57j6e3TXXk0HiLcIZca	4ULO7IGI3M2bo0Ap7B9h8a	4
6If57j6e3TXXk0HiLcIZca	63wjoROpeh5f11Qm93UiJ1	3
6If57j6e3TXXk0HiLcIZca	0jUQSUOcM7lxVn5eVGTkzQ	2
6If57j6e3TXXk0HiLcIZca	5ZS223C6JyBfXasXxrRqOk	1
0cGUm45nv7Z6M6qdXYQGTX	65OtBLtkrifQrdTlKI90IR	5
0cGUm45nv7Z6M6qdXYQGTX	0jUQSUOcM7lxVn5eVGTkzQ	4
0cGUm45nv7Z6M6qdXYQGTX	5ZS223C6JyBfXasXxrRqOk	3
0cGUm45nv7Z6M6qdXYQGTX	07d5etnpjriczFBB8pxmRe	2
0cGUm45nv7Z6M6qdXYQGTX	5J7URjIP8aFmeSn2QwF9Au	1
0jUQSUOcM7lxVn5eVGTkzQ	14UzbliRaDDgssLOBfWxu0	5
0jUQSUOcM7lxVn5eVGTkzQ	1fYdgyGBrMIEML5cuo5FpZ	4
0jUQSUOcM7lxVn5eVGTkzQ	44FcajG2fONeWG1KEy0DBt	3
0jUQSUOcM7lxVn5eVGTkzQ	0cGUm45nv7Z6M6qdXYQGTX	2
0jUQSUOcM7lxVn5eVGTkzQ	6yym2cpIe5mrZdTYyq2muC	1
4ULO7IGI3M2bo0Ap7B9h8a	5xenrbYhp4IRydrWpBe4Bx	5
4ULO7IGI3M2bo0Ap7B9h8a	3CoW2DhcuWKs93YEjEY5Eq	4
4ULO7IGI3M2bo0Ap7B9h8a	6Mox9P9U7HpuAd9ULwvP7N	3
4ULO7IGI3M2bo0Ap7B9h8a	6cN9XwPMj9bWzJ32GC6V7v	2
4ULO7IGI3M2bo0Ap7B9h8a	2retT7MFwHDVTeGKDdybEx	1
1anyVhU62p31KFi8MEzkbf	27w1NoOLMX7tJMYqcetPyG	5
1anyVhU62p31KFi8MEzkbf	1FvjvACFvko2Z91IvDljrx	4
1anyVhU62p31KFi8MEzkbf	13ubrt8QOOCPljQ2FL1Kca	3
1anyVhU62p31KFi8MEzkbf	4V8LLVI7PbaPR0K2TGSxFF	2
1anyVhU62p31KFi8MEzkbf	3A5tHz1SfngyOZM2gItYKu	1
6aaMZ3fcfLv4tEbmY7bjRM	1FvjvACFvko2Z91IvDljrx	5
6aaMZ3fcfLv4tEbmY7bjRM	27w1NoOLMX7tJMYqcetPyG	4
6aaMZ3fcfLv4tEbmY7bjRM	68kEuyFKyqrdQQLLsmiatm	3
6aaMZ3fcfLv4tEbmY7bjRM	1anyVhU62p31KFi8MEzkbf	2
6aaMZ3fcfLv4tEbmY7bjRM	0g9vAlRPK9Gt3FKCekk4TW	1
64MoApwh8MFMHUarm13lrv	2F3zBRfrDfm2FyNT0YKyAx	5
64MoApwh8MFMHUarm13lrv	0uFc6StTmJBvdHPZFDkdJy	4
64MoApwh8MFMHUarm13lrv	0lV5SifsuG8rFce8m8Dflq	3
64MoApwh8MFMHUarm13lrv	6ZBnvCszokLW4YHZ50uHY8	2
64MoApwh8MFMHUarm13lrv	0JdGPxHeRGfOyZg3EHwp2g	1
0JdGPxHeRGfOyZg3EHwp2g	1FvjvACFvko2Z91IvDljrx	5
0JdGPxHeRGfOyZg3EHwp2g	27w1NoOLMX7tJMYqcetPyG	4
0JdGPxHeRGfOyZg3EHwp2g	4uc4iep3LqgSj8qN4kp7qD	3
0JdGPxHeRGfOyZg3EHwp2g	2O2dI9lY9PnWtAa4OlrgMi	2
0JdGPxHeRGfOyZg3EHwp2g	1ewyVtTZBqFYWIcepopRhp	1
1FvjvACFvko2Z91IvDljrx	27w1NoOLMX7tJMYqcetPyG	5
1FvjvACFvko2Z91IvDljrx	0JdGPxHeRGfOyZg3EHwp2g	4
1FvjvACFvko2Z91IvDljrx	6aaMZ3fcfLv4tEbmY7bjRM	3
1FvjvACFvko2Z91IvDljrx	1POk07q5vJ4NcdOgkLyPzp	2
1FvjvACFvko2Z91IvDljrx	4uc4iep3LqgSj8qN4kp7qD	1
2F3zBRfrDfm2FyNT0YKyAx	64MoApwh8MFMHUarm13lrv	5
2F3zBRfrDfm2FyNT0YKyAx	0uFc6StTmJBvdHPZFDkdJy	4
2F3zBRfrDfm2FyNT0YKyAx	2RPgvowoS8BYurtbUjwKjt	3
2F3zBRfrDfm2FyNT0YKyAx	1wUmdemiR9Dxw8A2el365A	2
2F3zBRfrDfm2FyNT0YKyAx	0lV5SifsuG8rFce8m8Dflq	1
0B1prtAE9Ca9hTs0rUkjHG	0uFc6StTmJBvdHPZFDkdJy	5
0B1prtAE9Ca9hTs0rUkjHG	6vHBuUxrcpn1do5UaEJ7g6	4
0B1prtAE9Ca9hTs0rUkjHG	5CCrgHVEWtg8YTEn1UaYug	3
0B1prtAE9Ca9hTs0rUkjHG	3A5tHz1SfngyOZM2gItYKu	2
0B1prtAE9Ca9hTs0rUkjHG	1QdjL34EAib5zndNoqA2ly	1
5CCrgHVEWtg8YTEn1UaYug	6vHBuUxrcpn1do5UaEJ7g6	5
5CCrgHVEWtg8YTEn1UaYug	3A5tHz1SfngyOZM2gItYKu	4
5CCrgHVEWtg8YTEn1UaYug	4V8LLVI7PbaPR0K2TGSxFF	3
5CCrgHVEWtg8YTEn1UaYug	0uFc6StTmJBvdHPZFDkdJy	2
5CCrgHVEWtg8YTEn1UaYug	1QdjL34EAib5zndNoqA2ly	1
6vHBuUxrcpn1do5UaEJ7g6	1QdjL34EAib5zndNoqA2ly	5
6vHBuUxrcpn1do5UaEJ7g6	3A5tHz1SfngyOZM2gItYKu	4
6vHBuUxrcpn1do5UaEJ7g6	0uFc6StTmJBvdHPZFDkdJy	3
6vHBuUxrcpn1do5UaEJ7g6	5CCrgHVEWtg8YTEn1UaYug	2
6vHBuUxrcpn1do5UaEJ7g6	68kEuyFKyqrdQQLLsmiatm	1
7aA592KWirLsnfb5ulGWvU	0Y4inQK6OespitzD6ijMwb	5
7aA592KWirLsnfb5ulGWvU	3A5tHz1SfngyOZM2gItYKu	4
7aA592KWirLsnfb5ulGWvU	0g9vAlRPK9Gt3FKCekk4TW	3
7aA592KWirLsnfb5ulGWvU	68kEuyFKyqrdQQLLsmiatm	2
7aA592KWirLsnfb5ulGWvU	6vHBuUxrcpn1do5UaEJ7g6	1
1QdjL34EAib5zndNoqA2ly	6vHBuUxrcpn1do5UaEJ7g6	5
1QdjL34EAib5zndNoqA2ly	3A5tHz1SfngyOZM2gItYKu	4
1QdjL34EAib5zndNoqA2ly	5CCrgHVEWtg8YTEn1UaYug	3
1QdjL34EAib5zndNoqA2ly	0uFc6StTmJBvdHPZFDkdJy	2
1QdjL34EAib5zndNoqA2ly	4V8LLVI7PbaPR0K2TGSxFF	1
5xpkLC1MxiPRiIJUDEzuVm	5CCrgHVEWtg8YTEn1UaYug	5
5xpkLC1MxiPRiIJUDEzuVm	4V8LLVI7PbaPR0K2TGSxFF	4
5xpkLC1MxiPRiIJUDEzuVm	1QdjL34EAib5zndNoqA2ly	3
5xpkLC1MxiPRiIJUDEzuVm	6vHBuUxrcpn1do5UaEJ7g6	2
5xpkLC1MxiPRiIJUDEzuVm	3A5tHz1SfngyOZM2gItYKu	1
1dqGS5sT6PE2wEvP1gROZC	51Pn4gGnZuyOMDfIT1Zy3N	5
1dqGS5sT6PE2wEvP1gROZC	6vHBuUxrcpn1do5UaEJ7g6	4
1dqGS5sT6PE2wEvP1gROZC	2P5sC9cVZDToPxyomzF1UH	3
1dqGS5sT6PE2wEvP1gROZC	6tIgdyPfc6RVQJKCDd9ep9	2
1dqGS5sT6PE2wEvP1gROZC	68kEuyFKyqrdQQLLsmiatm	1
0g9vAlRPK9Gt3FKCekk4TW	7a9KRWdaSZktpGGnWndzbC	5
0g9vAlRPK9Gt3FKCekk4TW	0uFc6StTmJBvdHPZFDkdJy	4
0g9vAlRPK9Gt3FKCekk4TW	28ExwzUQsvgJooOI0X1mr3	3
0g9vAlRPK9Gt3FKCekk4TW	3s8alQfNnY0roAHaJh7Xxt	2
0g9vAlRPK9Gt3FKCekk4TW	0Y4inQK6OespitzD6ijMwb	1
51Pn4gGnZuyOMDfIT1Zy3N	1dqGS5sT6PE2wEvP1gROZC	5
51Pn4gGnZuyOMDfIT1Zy3N	7yO4IdJjCEPz7YgZMe25iS	4
51Pn4gGnZuyOMDfIT1Zy3N	2P5sC9cVZDToPxyomzF1UH	3
51Pn4gGnZuyOMDfIT1Zy3N	1FvjvACFvko2Z91IvDljrx	2
51Pn4gGnZuyOMDfIT1Zy3N	6aaMZ3fcfLv4tEbmY7bjRM	1
0CKa42Jqrc9fSFbDjePaXP	6X8WdFjrNhXATMDSs26aCc	5
0CKa42Jqrc9fSFbDjePaXP	0Y4inQK6OespitzD6ijMwb	4
0CKa42Jqrc9fSFbDjePaXP	1wUmdemiR9Dxw8A2el365A	3
0CKa42Jqrc9fSFbDjePaXP	3kf0gOpxWtkyeMNJVDQPtd	2
0CKa42Jqrc9fSFbDjePaXP	0g9vAlRPK9Gt3FKCekk4TW	1
2J257euzcjnDLipsyJH3F2	0tCtGc5vt29zFZp6KXzN50	5
2J257euzcjnDLipsyJH3F2	2Jwr7hGoSNK3S3QBxh3T0z	4
2J257euzcjnDLipsyJH3F2	0P8YNJXX7QeQ8iZIUCXJgi	3
2J257euzcjnDLipsyJH3F2	2ht3wxeT69CzyKFChNnNAB	2
2J257euzcjnDLipsyJH3F2	0ONHkAv9pCAFxb0zJwDNTy	1
0Y4inQK6OespitzD6ijMwb	3kf0gOpxWtkyeMNJVDQPtd	5
0Y4inQK6OespitzD6ijMwb	0g9vAlRPK9Gt3FKCekk4TW	4
0Y4inQK6OespitzD6ijMwb	0CKa42Jqrc9fSFbDjePaXP	3
0Y4inQK6OespitzD6ijMwb	6X8WdFjrNhXATMDSs26aCc	2
0Y4inQK6OespitzD6ijMwb	28ExwzUQsvgJooOI0X1mr3	1
1SAugjIcuwNPKS4urSB7A6	6DVipHzYsPlIoA0DW8Gmns	5
1SAugjIcuwNPKS4urSB7A6	1q13yHC6Syg5Y8iPLrRnCq	4
1SAugjIcuwNPKS4urSB7A6	0tCtGc5vt29zFZp6KXzN50	3
1SAugjIcuwNPKS4urSB7A6	5rVbcJv0JRfhWLA3mgM73r	2
1SAugjIcuwNPKS4urSB7A6	2x8KDZdSONA3872CnhaAlX	1
6X8WdFjrNhXATMDSs26aCc	0CKa42Jqrc9fSFbDjePaXP	5
6X8WdFjrNhXATMDSs26aCc	1wUmdemiR9Dxw8A2el365A	4
6X8WdFjrNhXATMDSs26aCc	2RPgvowoS8BYurtbUjwKjt	3
6X8WdFjrNhXATMDSs26aCc	3kf0gOpxWtkyeMNJVDQPtd	2
6X8WdFjrNhXATMDSs26aCc	0EeQBlQJFiAfJeVN2vT9s0	1
0I5HubncQ8E1MFZOlPDY4J	6h2J3dxLnTyURwIUBumKog	5
0I5HubncQ8E1MFZOlPDY4J	6f4XkbvYlXMH0QgVRzW0sM	4
0I5HubncQ8E1MFZOlPDY4J	0NWbwDZY1VkRqFafuQm6wk	3
0I5HubncQ8E1MFZOlPDY4J	34Y0ldeyUv7jBvukWOGASO	2
0I5HubncQ8E1MFZOlPDY4J	0T5OJgMVjKIX3b3W3ekqOl	1
0Y5tJX1MQlPlqiwlOH1tJY	0NWbwDZY1VkRqFafuQm6wk	5
0Y5tJX1MQlPlqiwlOH1tJY	13ubrt8QOOCPljQ2FL1Kca	4
0Y5tJX1MQlPlqiwlOH1tJY	5dHt1vcEm9qb8fCyLcB3HL	3
0Y5tJX1MQlPlqiwlOH1tJY	15iVAtD3s3FsQR4w1v6M0P	2
0Y5tJX1MQlPlqiwlOH1tJY	50co4Is1HCEo8bhOyUWKpn	1
7yO4IdJjCEPz7YgZMe25iS	51Pn4gGnZuyOMDfIT1Zy3N	5
7yO4IdJjCEPz7YgZMe25iS	5dHt1vcEm9qb8fCyLcB3HL	4
7yO4IdJjCEPz7YgZMe25iS	1dqGS5sT6PE2wEvP1gROZC	3
7yO4IdJjCEPz7YgZMe25iS	6xS5PpBWaVYraexEkEjjXv	2
7yO4IdJjCEPz7YgZMe25iS	0Y5tJX1MQlPlqiwlOH1tJY	1
6dROiL44pIQZVNZ6Bc0OJO	7G6hXrjGpi6I7waNl4wxAk	5
6dROiL44pIQZVNZ6Bc0OJO	1goOx6gnQdUllLfSMsL4Rt	4
6dROiL44pIQZVNZ6Bc0OJO	7dpKVB4mK3ufNdZOpMKtrd	3
6dROiL44pIQZVNZ6Bc0OJO	6XwcepfAsPhrvwziGxhwju	2
6dROiL44pIQZVNZ6Bc0OJO	4p07QU02SrLsaORo25h2Lg	1
0f5nVCcR06GX8Qikz0COtT	7G6hXrjGpi6I7waNl4wxAk	5
0f5nVCcR06GX8Qikz0COtT	1goOx6gnQdUllLfSMsL4Rt	4
0f5nVCcR06GX8Qikz0COtT	6gbGGM0E8Q1hE511psqxL0	3
0f5nVCcR06GX8Qikz0COtT	1Xfmvd48oOhEWkscWyEbh9	2
0f5nVCcR06GX8Qikz0COtT	6dROiL44pIQZVNZ6Bc0OJO	1
6XwcepfAsPhrvwziGxhwju	1goOx6gnQdUllLfSMsL4Rt	5
6XwcepfAsPhrvwziGxhwju	7G6hXrjGpi6I7waNl4wxAk	4
6XwcepfAsPhrvwziGxhwju	6dROiL44pIQZVNZ6Bc0OJO	3
6XwcepfAsPhrvwziGxhwju	4HgF4KnohByNElYid7iCNb	2
6XwcepfAsPhrvwziGxhwju	7dpKVB4mK3ufNdZOpMKtrd	1
4HgF4KnohByNElYid7iCNb	1goOx6gnQdUllLfSMsL4Rt	5
4HgF4KnohByNElYid7iCNb	7G6hXrjGpi6I7waNl4wxAk	4
4HgF4KnohByNElYid7iCNb	7dpKVB4mK3ufNdZOpMKtrd	3
4HgF4KnohByNElYid7iCNb	6dROiL44pIQZVNZ6Bc0OJO	2
4HgF4KnohByNElYid7iCNb	5KNqYrivNgVCHBssEUSu5B	1
1goOx6gnQdUllLfSMsL4Rt	7G6hXrjGpi6I7waNl4wxAk	5
1goOx6gnQdUllLfSMsL4Rt	7dpKVB4mK3ufNdZOpMKtrd	4
1goOx6gnQdUllLfSMsL4Rt	4HgF4KnohByNElYid7iCNb	3
1goOx6gnQdUllLfSMsL4Rt	6gbGGM0E8Q1hE511psqxL0	2
1goOx6gnQdUllLfSMsL4Rt	6dROiL44pIQZVNZ6Bc0OJO	1
7r8RF1tN2A4CiGEplkp1oP	7G6hXrjGpi6I7waNl4wxAk	5
7r8RF1tN2A4CiGEplkp1oP	4sbB4Yy6Qig51pKCIKSLw3	4
7r8RF1tN2A4CiGEplkp1oP	08p7B5OtcUuVblvkQIlBhJ	3
7r8RF1tN2A4CiGEplkp1oP	6I6t21SFbxZ7RbQgD5dN7U	2
7r8RF1tN2A4CiGEplkp1oP	1255GTUKNCLCTvH9ctD4cT	1
7dpKVB4mK3ufNdZOpMKtrd	7G6hXrjGpi6I7waNl4wxAk	5
7dpKVB4mK3ufNdZOpMKtrd	1goOx6gnQdUllLfSMsL4Rt	4
7dpKVB4mK3ufNdZOpMKtrd	0tVDUdGcQMfjFSJRrdnQAM	3
7dpKVB4mK3ufNdZOpMKtrd	6dROiL44pIQZVNZ6Bc0OJO	2
7dpKVB4mK3ufNdZOpMKtrd	4p07QU02SrLsaORo25h2Lg	1
4sbB4Yy6Qig51pKCIKSLw3	6I6t21SFbxZ7RbQgD5dN7U	5
4sbB4Yy6Qig51pKCIKSLw3	2DzRMyWgjuMbYvt5BLbpCo	4
4sbB4Yy6Qig51pKCIKSLw3	7r8RF1tN2A4CiGEplkp1oP	3
4sbB4Yy6Qig51pKCIKSLw3	5KNqYrivNgVCHBssEUSu5B	2
4sbB4Yy6Qig51pKCIKSLw3	5aEWnrN8h3MhuFUPRfaVuy	1
5xenrbYhp4IRydrWpBe4Bx	6Mox9P9U7HpuAd9ULwvP7N	5
5xenrbYhp4IRydrWpBe4Bx	15Dh5PvHQj909E0RgAe0aN	4
5xenrbYhp4IRydrWpBe4Bx	08rMCq2ek1YjdDBsCPVH2s	3
5xenrbYhp4IRydrWpBe4Bx	3CoW2DhcuWKs93YEjEY5Eq	2
5xenrbYhp4IRydrWpBe4Bx	1vfezMIyCr4XUdYRaKIKi3	1
6Mox9P9U7HpuAd9ULwvP7N	5xenrbYhp4IRydrWpBe4Bx	5
6Mox9P9U7HpuAd9ULwvP7N	15Dh5PvHQj909E0RgAe0aN	4
6Mox9P9U7HpuAd9ULwvP7N	0yqDXjskTQI1nj9bH6W9Ze	3
6Mox9P9U7HpuAd9ULwvP7N	4NgmPmKCSWm4kczsm6J3FO	2
6Mox9P9U7HpuAd9ULwvP7N	3CoW2DhcuWKs93YEjEY5Eq	1
15Dh5PvHQj909E0RgAe0aN	1nSRa2YjjFWJLHGKM07oGQ	5
15Dh5PvHQj909E0RgAe0aN	5xenrbYhp4IRydrWpBe4Bx	4
15Dh5PvHQj909E0RgAe0aN	6Mox9P9U7HpuAd9ULwvP7N	3
15Dh5PvHQj909E0RgAe0aN	2S8UlyXW4JjjHcbeg8ddIo	2
15Dh5PvHQj909E0RgAe0aN	1c70yCa8sRgIiQxl3HOEFo	1
3CoW2DhcuWKs93YEjEY5Eq	4NgmPmKCSWm4kczsm6J3FO	5
3CoW2DhcuWKs93YEjEY5Eq	5xenrbYhp4IRydrWpBe4Bx	4
3CoW2DhcuWKs93YEjEY5Eq	6Mox9P9U7HpuAd9ULwvP7N	3
3CoW2DhcuWKs93YEjEY5Eq	15Dh5PvHQj909E0RgAe0aN	2
3CoW2DhcuWKs93YEjEY5Eq	6cN9XwPMj9bWzJ32GC6V7v	1
63wjoROpeh5f11Qm93UiJ1	7gSjFKpVmDgC2MMsnN8CYq	5
63wjoROpeh5f11Qm93UiJ1	5xenrbYhp4IRydrWpBe4Bx	4
63wjoROpeh5f11Qm93UiJ1	3AuMNF8rQAKOzjYppFNAoB	3
63wjoROpeh5f11Qm93UiJ1	1vfezMIyCr4XUdYRaKIKi3	2
63wjoROpeh5f11Qm93UiJ1	3FD9VAd0ppjmKbfxF4LzUh	1
2retT7MFwHDVTeGKDdybEx	7xAcVHPiirnUqfdqo0USb1	5
2retT7MFwHDVTeGKDdybEx	1vfezMIyCr4XUdYRaKIKi3	4
2retT7MFwHDVTeGKDdybEx	5xenrbYhp4IRydrWpBe4Bx	3
2retT7MFwHDVTeGKDdybEx	4ULO7IGI3M2bo0Ap7B9h8a	2
2retT7MFwHDVTeGKDdybEx	0KWcq2E8ejxp78jdfpCd4K	1
5J7URjIP8aFmeSn2QwF9Au	14UzbliRaDDgssLOBfWxu0	5
5J7URjIP8aFmeSn2QwF9Au	2r3A0lVppaYaTz2ttY1Jws	4
5J7URjIP8aFmeSn2QwF9Au	0vnUJWW8wWDGcSdwFYCIB0	3
5J7URjIP8aFmeSn2QwF9Au	6WnCnGe06iOO6fTPYAPF03	2
5J7URjIP8aFmeSn2QwF9Au	0jUQSUOcM7lxVn5eVGTkzQ	1
07d5etnpjriczFBB8pxmRe	7tYKF4w9nC0nq9CsPZTHyP	5
07d5etnpjriczFBB8pxmRe	7N3L5HZxQqxWSfhrrTNI29	4
07d5etnpjriczFBB8pxmRe	7MNEVabc4cs19CbzAFZmXz	3
07d5etnpjriczFBB8pxmRe	1ySUvbTVNE9pyhdzcDxjg4	2
07d5etnpjriczFBB8pxmRe	7u6LfVyYpEzMpHLL7jTyvU	1
65OtBLtkrifQrdTlKI90IR	0cGUm45nv7Z6M6qdXYQGTX	5
65OtBLtkrifQrdTlKI90IR	6yqadcG6z5djW3lDuP7Abh	4
65OtBLtkrifQrdTlKI90IR	4hknFHNFp3UMm2Rbc6Ansf	3
65OtBLtkrifQrdTlKI90IR	0jUQSUOcM7lxVn5eVGTkzQ	2
65OtBLtkrifQrdTlKI90IR	5BO8aIDUyNtvnq98qMIs85	1
6yym2cpIe5mrZdTYyq2muC	1fYdgyGBrMIEML5cuo5FpZ	5
6yym2cpIe5mrZdTYyq2muC	2NoFr6doacvN58q9p9EFky	4
6yym2cpIe5mrZdTYyq2muC	2hsun1GbceH62Hhcj7cp2V	3
6yym2cpIe5mrZdTYyq2muC	6Mox9P9U7HpuAd9ULwvP7N	2
6yym2cpIe5mrZdTYyq2muC	6cN9XwPMj9bWzJ32GC6V7v	1
44FcajG2fONeWG1KEy0DBt	3m5xTc0hyBdOW6m2S5XC1P	5
44FcajG2fONeWG1KEy0DBt	0jUQSUOcM7lxVn5eVGTkzQ	4
44FcajG2fONeWG1KEy0DBt	1fYdgyGBrMIEML5cuo5FpZ	3
44FcajG2fONeWG1KEy0DBt	63XBtGSEZINSyXylZxEUbv	2
44FcajG2fONeWG1KEy0DBt	3JXpwnHbLvXxY99EuXqFPX	1
1fYdgyGBrMIEML5cuo5FpZ	6yqadcG6z5djW3lDuP7Abh	5
1fYdgyGBrMIEML5cuo5FpZ	0jUQSUOcM7lxVn5eVGTkzQ	4
1fYdgyGBrMIEML5cuo5FpZ	44FcajG2fONeWG1KEy0DBt	3
1fYdgyGBrMIEML5cuo5FpZ	3m5xTc0hyBdOW6m2S5XC1P	2
1fYdgyGBrMIEML5cuo5FpZ	69FykkhiqpzqeSNYRxc8BI	1
14UzbliRaDDgssLOBfWxu0	0jUQSUOcM7lxVn5eVGTkzQ	5
14UzbliRaDDgssLOBfWxu0	5J7URjIP8aFmeSn2QwF9Au	4
14UzbliRaDDgssLOBfWxu0	0vnUJWW8wWDGcSdwFYCIB0	3
14UzbliRaDDgssLOBfWxu0	4VA3EAvncrTucjTmrvd4GE	2
14UzbliRaDDgssLOBfWxu0	7r2oyrNc0YjSC7hZL87V0Y	1
6ZBnvCszokLW4YHZ50uHY8	2JLR7zLrB0ybP54e91pncW	5
6ZBnvCszokLW4YHZ50uHY8	2F3zBRfrDfm2FyNT0YKyAx	4
6ZBnvCszokLW4YHZ50uHY8	51YACffgZvQwjs8J4ZVDQF	3
6ZBnvCszokLW4YHZ50uHY8	68DGxDpMWfSsPJEjT4wQnW	2
6ZBnvCszokLW4YHZ50uHY8	2RPgvowoS8BYurtbUjwKjt	1
0lV5SifsuG8rFce8m8Dflq	2F3zBRfrDfm2FyNT0YKyAx	5
0lV5SifsuG8rFce8m8Dflq	64MoApwh8MFMHUarm13lrv	4
0lV5SifsuG8rFce8m8Dflq	3zSM6eDCxFSNzPMMwu3awR	3
0lV5SifsuG8rFce8m8Dflq	0uFc6StTmJBvdHPZFDkdJy	2
0lV5SifsuG8rFce8m8Dflq	4Dn3cxlu20yI7PwSXqHOTh	1
1ewyVtTZBqFYWIcepopRhp	0JdGPxHeRGfOyZg3EHwp2g	5
1ewyVtTZBqFYWIcepopRhp	1FvjvACFvko2Z91IvDljrx	4
1ewyVtTZBqFYWIcepopRhp	6CqjoQyGZlnhnq5gAUz92c	3
1ewyVtTZBqFYWIcepopRhp	27w1NoOLMX7tJMYqcetPyG	2
1ewyVtTZBqFYWIcepopRhp	6XlV5geX7LvRcoeBnItw2I	1
2O2dI9lY9PnWtAa4OlrgMi	0LSjb1pZ3uHwuvIaVzhdyT	5
2O2dI9lY9PnWtAa4OlrgMi	1POk07q5vJ4NcdOgkLyPzp	4
2O2dI9lY9PnWtAa4OlrgMi	5fW1JQP4DfDyNqvYQ5m4Ju	3
2O2dI9lY9PnWtAa4OlrgMi	6CqjoQyGZlnhnq5gAUz92c	2
2O2dI9lY9PnWtAa4OlrgMi	0JdGPxHeRGfOyZg3EHwp2g	1
4uc4iep3LqgSj8qN4kp7qD	0JdGPxHeRGfOyZg3EHwp2g	5
4uc4iep3LqgSj8qN4kp7qD	1FvjvACFvko2Z91IvDljrx	4
4uc4iep3LqgSj8qN4kp7qD	3AVi3DXB20ZoTwHlLSwhx5	3
4uc4iep3LqgSj8qN4kp7qD	27w1NoOLMX7tJMYqcetPyG	2
4uc4iep3LqgSj8qN4kp7qD	4jlguclMzgjLqZPqF9s19O	1
1POk07q5vJ4NcdOgkLyPzp	2O2dI9lY9PnWtAa4OlrgMi	5
1POk07q5vJ4NcdOgkLyPzp	1FvjvACFvko2Z91IvDljrx	4
1POk07q5vJ4NcdOgkLyPzp	5fW1JQP4DfDyNqvYQ5m4Ju	3
1POk07q5vJ4NcdOgkLyPzp	5MbNzCW3qokGyoo9giHA3V	2
1POk07q5vJ4NcdOgkLyPzp	0AlOgXaMBLYvxNEhqHM4np	1
1wUmdemiR9Dxw8A2el365A	2F3zBRfrDfm2FyNT0YKyAx	5
1wUmdemiR9Dxw8A2el365A	6X8WdFjrNhXATMDSs26aCc	4
1wUmdemiR9Dxw8A2el365A	3kf0gOpxWtkyeMNJVDQPtd	3
1wUmdemiR9Dxw8A2el365A	0g9vAlRPK9Gt3FKCekk4TW	2
1wUmdemiR9Dxw8A2el365A	2RPgvowoS8BYurtbUjwKjt	1
2RPgvowoS8BYurtbUjwKjt	2F3zBRfrDfm2FyNT0YKyAx	5
2RPgvowoS8BYurtbUjwKjt	7lVTwgQZCYQt20tvcPl6D4	4
2RPgvowoS8BYurtbUjwKjt	3kf0gOpxWtkyeMNJVDQPtd	3
2RPgvowoS8BYurtbUjwKjt	1wUmdemiR9Dxw8A2el365A	2
2RPgvowoS8BYurtbUjwKjt	6X8WdFjrNhXATMDSs26aCc	1
6tIgdyPfc6RVQJKCDd9ep9	3kf0gOpxWtkyeMNJVDQPtd	5
6tIgdyPfc6RVQJKCDd9ep9	1nSpOxq3pcgomrfpXudQuq	4
6tIgdyPfc6RVQJKCDd9ep9	2P5sC9cVZDToPxyomzF1UH	3
6tIgdyPfc6RVQJKCDd9ep9	5dHt1vcEm9qb8fCyLcB3HL	2
6tIgdyPfc6RVQJKCDd9ep9	5oib7h2INOpWPRLaSQxdY0	1
3s8alQfNnY0roAHaJh7Xxt	0uFc6StTmJBvdHPZFDkdJy	5
3s8alQfNnY0roAHaJh7Xxt	0EeQBlQJFiAfJeVN2vT9s0	4
3s8alQfNnY0roAHaJh7Xxt	5504Qqp7s40bqBqzWMEByl	3
3s8alQfNnY0roAHaJh7Xxt	2F3zBRfrDfm2FyNT0YKyAx	2
3s8alQfNnY0roAHaJh7Xxt	0g9vAlRPK9Gt3FKCekk4TW	1
28ExwzUQsvgJooOI0X1mr3	0g9vAlRPK9Gt3FKCekk4TW	5
28ExwzUQsvgJooOI0X1mr3	0EeQBlQJFiAfJeVN2vT9s0	4
28ExwzUQsvgJooOI0X1mr3	0Y4inQK6OespitzD6ijMwb	3
28ExwzUQsvgJooOI0X1mr3	3s8alQfNnY0roAHaJh7Xxt	2
28ExwzUQsvgJooOI0X1mr3	7a9KRWdaSZktpGGnWndzbC	1
7a9KRWdaSZktpGGnWndzbC	0g9vAlRPK9Gt3FKCekk4TW	5
7a9KRWdaSZktpGGnWndzbC	28ExwzUQsvgJooOI0X1mr3	4
7a9KRWdaSZktpGGnWndzbC	1dqGS5sT6PE2wEvP1gROZC	3
7a9KRWdaSZktpGGnWndzbC	5IcR3N7QB1j6KBL8eImZ8m	2
7a9KRWdaSZktpGGnWndzbC	5CCrgHVEWtg8YTEn1UaYug	1
3kf0gOpxWtkyeMNJVDQPtd	1wUmdemiR9Dxw8A2el365A	5
3kf0gOpxWtkyeMNJVDQPtd	0Y4inQK6OespitzD6ijMwb	4
3kf0gOpxWtkyeMNJVDQPtd	2RPgvowoS8BYurtbUjwKjt	3
3kf0gOpxWtkyeMNJVDQPtd	2F3zBRfrDfm2FyNT0YKyAx	2
3kf0gOpxWtkyeMNJVDQPtd	6X8WdFjrNhXATMDSs26aCc	1
2ht3wxeT69CzyKFChNnNAB	2N4EYkIlG1kv25g6Wv8LGI	5
2ht3wxeT69CzyKFChNnNAB	3F2Y683ovlWT53WKCeq0oj	4
2ht3wxeT69CzyKFChNnNAB	1ElKnrmCBRnIjTrrzkAL42	3
2ht3wxeT69CzyKFChNnNAB	2J257euzcjnDLipsyJH3F2	2
2ht3wxeT69CzyKFChNnNAB	0CKa42Jqrc9fSFbDjePaXP	1
0P8YNJXX7QeQ8iZIUCXJgi	6Uh8uJyN9g7oFjDK16nJgb	5
0P8YNJXX7QeQ8iZIUCXJgi	3m1knVGHFKK57xnleGMHcJ	4
0P8YNJXX7QeQ8iZIUCXJgi	55dc4rK8CrUWEneagloaa2	3
0P8YNJXX7QeQ8iZIUCXJgi	6AMa1VFQ7qCi61tCRtVWXe	2
0P8YNJXX7QeQ8iZIUCXJgi	7iMvwE8qANp3aIfAGKEAwS	1
2Jwr7hGoSNK3S3QBxh3T0z	0tCtGc5vt29zFZp6KXzN50	5
2Jwr7hGoSNK3S3QBxh3T0z	4jWzNq3sdzSpqn7BnzvIKn	4
2Jwr7hGoSNK3S3QBxh3T0z	2sBv30RzdeMVPoBXbzjIo5	3
2Jwr7hGoSNK3S3QBxh3T0z	2x8KDZdSONA3872CnhaAlX	2
2Jwr7hGoSNK3S3QBxh3T0z	14ejEUaU0wE2iAenbbv9b8	1
0tCtGc5vt29zFZp6KXzN50	7qPmFbmKg1vICfziheivnC	5
0tCtGc5vt29zFZp6KXzN50	4jWzNq3sdzSpqn7BnzvIKn	4
0tCtGc5vt29zFZp6KXzN50	2sBv30RzdeMVPoBXbzjIo5	3
0tCtGc5vt29zFZp6KXzN50	2x8KDZdSONA3872CnhaAlX	2
0tCtGc5vt29zFZp6KXzN50	2Jwr7hGoSNK3S3QBxh3T0z	1
2x8KDZdSONA3872CnhaAlX	14ejEUaU0wE2iAenbbv9b8	5
2x8KDZdSONA3872CnhaAlX	4jWzNq3sdzSpqn7BnzvIKn	4
2x8KDZdSONA3872CnhaAlX	0A7g2YbCA9FlyZvAG6VmKP	3
2x8KDZdSONA3872CnhaAlX	0tCtGc5vt29zFZp6KXzN50	2
2x8KDZdSONA3872CnhaAlX	5pnbUBPifNnlusY8kTBivi	1
5rVbcJv0JRfhWLA3mgM73r	6DVipHzYsPlIoA0DW8Gmns	5
5rVbcJv0JRfhWLA3mgM73r	1SAugjIcuwNPKS4urSB7A6	4
5rVbcJv0JRfhWLA3mgM73r	1q13yHC6Syg5Y8iPLrRnCq	3
5rVbcJv0JRfhWLA3mgM73r	77IURH5NC56Jn09QHi76is	2
5rVbcJv0JRfhWLA3mgM73r	2XnnxQzxFZG8qEPjakokPM	1
1q13yHC6Syg5Y8iPLrRnCq	0mTfntDCCWRozUnyxpGf6E	5
1q13yHC6Syg5Y8iPLrRnCq	3kortApcf0ntRWexUkJE4H	4
1q13yHC6Syg5Y8iPLrRnCq	0mbgkaYR8KNUb5s3s1yYHG	3
1q13yHC6Syg5Y8iPLrRnCq	5ByJNXfO55nQn1kHR9nAQX	2
1q13yHC6Syg5Y8iPLrRnCq	6DVipHzYsPlIoA0DW8Gmns	1
6DVipHzYsPlIoA0DW8Gmns	5rVbcJv0JRfhWLA3mgM73r	5
6DVipHzYsPlIoA0DW8Gmns	1q13yHC6Syg5Y8iPLrRnCq	4
6DVipHzYsPlIoA0DW8Gmns	1SAugjIcuwNPKS4urSB7A6	3
6DVipHzYsPlIoA0DW8Gmns	2XnnxQzxFZG8qEPjakokPM	2
6DVipHzYsPlIoA0DW8Gmns	0mTfntDCCWRozUnyxpGf6E	1
0EeQBlQJFiAfJeVN2vT9s0	3s8alQfNnY0roAHaJh7Xxt	5
0EeQBlQJFiAfJeVN2vT9s0	1TC1Dj7qy98gBriJdOgDMh	4
0EeQBlQJFiAfJeVN2vT9s0	0399oiMcmbOzzsYQDNYqxn	3
0EeQBlQJFiAfJeVN2vT9s0	28ExwzUQsvgJooOI0X1mr3	2
0EeQBlQJFiAfJeVN2vT9s0	6TlLdicGl92pqnySP64n2g	1
0T5OJgMVjKIX3b3W3ekqOl	3ZooCJzNMTLpmJaIRUEorI	5
0T5OJgMVjKIX3b3W3ekqOl	6aIm51fHkokqlJn2vzNTH8	4
0T5OJgMVjKIX3b3W3ekqOl	5mNB8ykTlENptzmsxXRtdS	3
0T5OJgMVjKIX3b3W3ekqOl	2iNwwXMd2PEg9oEr167J2c	2
0T5OJgMVjKIX3b3W3ekqOl	6vd2ks2rBpNPY4ebdEocpY	1
34Y0ldeyUv7jBvukWOGASO	1YXg2Chm7UfZAUAkjJEpqK	5
34Y0ldeyUv7jBvukWOGASO	2DctCFD8X80VeY7WLC86PS	4
34Y0ldeyUv7jBvukWOGASO	1Zatb2YN4erBOoSivOXc0o	3
34Y0ldeyUv7jBvukWOGASO	6h2J3dxLnTyURwIUBumKog	2
34Y0ldeyUv7jBvukWOGASO	0nvvVQhPQGkYTJlThLbJeu	1
0NWbwDZY1VkRqFafuQm6wk	0iEtIxbK0KxaSlF7G42ZOp	5
0NWbwDZY1VkRqFafuQm6wk	0I5HubncQ8E1MFZOlPDY4J	4
0NWbwDZY1VkRqFafuQm6wk	0Y5tJX1MQlPlqiwlOH1tJY	3
0NWbwDZY1VkRqFafuQm6wk	6h2J3dxLnTyURwIUBumKog	2
0NWbwDZY1VkRqFafuQm6wk	0nvvVQhPQGkYTJlThLbJeu	1
6f4XkbvYlXMH0QgVRzW0sM	6Ha4aES39QiVjR0L2lwuwq	5
6f4XkbvYlXMH0QgVRzW0sM	0t5qZrvVCo9YIUT87SQrTn	4
6f4XkbvYlXMH0QgVRzW0sM	3ZooCJzNMTLpmJaIRUEorI	3
6f4XkbvYlXMH0QgVRzW0sM	13y7CgLHjMVRMDqxdx0Xdo	2
6f4XkbvYlXMH0QgVRzW0sM	31HjiqargV4NAw4GZqUale	1
6h2J3dxLnTyURwIUBumKog	0I5HubncQ8E1MFZOlPDY4J	5
6h2J3dxLnTyURwIUBumKog	34Y0ldeyUv7jBvukWOGASO	4
6h2J3dxLnTyURwIUBumKog	1YXg2Chm7UfZAUAkjJEpqK	3
6h2J3dxLnTyURwIUBumKog	5OrB6Jhhrl9y2PK0pSV4VP	2
6h2J3dxLnTyURwIUBumKog	5lHRUCqkQZCIWeX7xG4sYT	1
50co4Is1HCEo8bhOyUWKpn	0nvvVQhPQGkYTJlThLbJeu	5
50co4Is1HCEo8bhOyUWKpn	5lHRUCqkQZCIWeX7xG4sYT	4
50co4Is1HCEo8bhOyUWKpn	1URnnhqYAYcrqrcwql10ft	3
50co4Is1HCEo8bhOyUWKpn	3aGFCoR8xGN6DKwvdzeSja	2
50co4Is1HCEo8bhOyUWKpn	6oMuImdp5ZcFhWP0ESe6mG	1
15iVAtD3s3FsQR4w1v6M0P	6I9TgZbapKRXsunA05fiPl	5
15iVAtD3s3FsQR4w1v6M0P	1bPxKZtCdjB1aj1csBJpdS	4
15iVAtD3s3FsQR4w1v6M0P	3hcs9uc56yIGFCSy9leWe7	3
15iVAtD3s3FsQR4w1v6M0P	4uSN8Y3kgFNVULUWsZEAVW	2
15iVAtD3s3FsQR4w1v6M0P	5L0n62BVUljSzKMLyMaFHR	1
6xS5PpBWaVYraexEkEjjXv	0nvvVQhPQGkYTJlThLbJeu	5
6xS5PpBWaVYraexEkEjjXv	40mkfSMWyLgLvXbcdtDOCJ	4
6xS5PpBWaVYraexEkEjjXv	699OTQXzgjhIYAHMy9RyPD	3
6xS5PpBWaVYraexEkEjjXv	2TD63ASEB2JcYY3C4KWJjz	2
6xS5PpBWaVYraexEkEjjXv	5QdEbQJ3ylBnc3gsIASAT5	1
4p07QU02SrLsaORo25h2Lg	1goOx6gnQdUllLfSMsL4Rt	5
4p07QU02SrLsaORo25h2Lg	7dpKVB4mK3ufNdZOpMKtrd	4
4p07QU02SrLsaORo25h2Lg	6dROiL44pIQZVNZ6Bc0OJO	3
4p07QU02SrLsaORo25h2Lg	0tVDUdGcQMfjFSJRrdnQAM	2
4p07QU02SrLsaORo25h2Lg	7G6hXrjGpi6I7waNl4wxAk	1
6gbGGM0E8Q1hE511psqxL0	1goOx6gnQdUllLfSMsL4Rt	5
6gbGGM0E8Q1hE511psqxL0	7G6hXrjGpi6I7waNl4wxAk	4
6gbGGM0E8Q1hE511psqxL0	6dROiL44pIQZVNZ6Bc0OJO	3
6gbGGM0E8Q1hE511psqxL0	4HgF4KnohByNElYid7iCNb	2
6gbGGM0E8Q1hE511psqxL0	7dpKVB4mK3ufNdZOpMKtrd	1
5KNqYrivNgVCHBssEUSu5B	3zTOe1BtyTkwNvYZOxXktX	5
5KNqYrivNgVCHBssEUSu5B	5aEWnrN8h3MhuFUPRfaVuy	4
5KNqYrivNgVCHBssEUSu5B	4sbB4Yy6Qig51pKCIKSLw3	3
5KNqYrivNgVCHBssEUSu5B	6I6t21SFbxZ7RbQgD5dN7U	2
5KNqYrivNgVCHBssEUSu5B	2MGT7CYlixSPxAnnkhLpaA	1
1255GTUKNCLCTvH9ctD4cT	1eNkUXHPaXyuyC8NAgzykK	5
1255GTUKNCLCTvH9ctD4cT	2MGT7CYlixSPxAnnkhLpaA	4
1255GTUKNCLCTvH9ctD4cT	5aEWnrN8h3MhuFUPRfaVuy	3
1255GTUKNCLCTvH9ctD4cT	3wVllS5itPK6rpHwfvNce4	2
1255GTUKNCLCTvH9ctD4cT	6x9QLdzo6eBZxJ1bHsDkjg	1
6I6t21SFbxZ7RbQgD5dN7U	4sbB4Yy6Qig51pKCIKSLw3	5
6I6t21SFbxZ7RbQgD5dN7U	5Z1reBuaReg2pg72I2mnMm	4
6I6t21SFbxZ7RbQgD5dN7U	5aEWnrN8h3MhuFUPRfaVuy	3
6I6t21SFbxZ7RbQgD5dN7U	5KNqYrivNgVCHBssEUSu5B	2
6I6t21SFbxZ7RbQgD5dN7U	3SRJWVa6lZnqRHOyAHmDrX	1
08p7B5OtcUuVblvkQIlBhJ	5KNqYrivNgVCHBssEUSu5B	5
08p7B5OtcUuVblvkQIlBhJ	5aEWnrN8h3MhuFUPRfaVuy	4
08p7B5OtcUuVblvkQIlBhJ	1255GTUKNCLCTvH9ctD4cT	3
08p7B5OtcUuVblvkQIlBhJ	4sbB4Yy6Qig51pKCIKSLw3	2
08p7B5OtcUuVblvkQIlBhJ	1goOx6gnQdUllLfSMsL4Rt	1
0tVDUdGcQMfjFSJRrdnQAM	7dpKVB4mK3ufNdZOpMKtrd	5
0tVDUdGcQMfjFSJRrdnQAM	3HRkoufAMUPzmyUevd53Zn	4
0tVDUdGcQMfjFSJRrdnQAM	3KLnSYaRRa4Kur781SHxUL	3
0tVDUdGcQMfjFSJRrdnQAM	2tKtLcxl6T2VdJdguRrXCq	2
0tVDUdGcQMfjFSJRrdnQAM	4p07QU02SrLsaORo25h2Lg	1
5aEWnrN8h3MhuFUPRfaVuy	5Z1reBuaReg2pg72I2mnMm	5
5aEWnrN8h3MhuFUPRfaVuy	3wVllS5itPK6rpHwfvNce4	4
5aEWnrN8h3MhuFUPRfaVuy	2MGT7CYlixSPxAnnkhLpaA	3
5aEWnrN8h3MhuFUPRfaVuy	5KNqYrivNgVCHBssEUSu5B	2
5aEWnrN8h3MhuFUPRfaVuy	6I6t21SFbxZ7RbQgD5dN7U	1
2DzRMyWgjuMbYvt5BLbpCo	3UVRliakQfa1pMWIsNuiZ8	5
2DzRMyWgjuMbYvt5BLbpCo	4sbB4Yy6Qig51pKCIKSLw3	4
2DzRMyWgjuMbYvt5BLbpCo	6I6t21SFbxZ7RbQgD5dN7U	3
2DzRMyWgjuMbYvt5BLbpCo	59NO6KX7wQCG7jGdtH1NtL	2
2DzRMyWgjuMbYvt5BLbpCo	6AVLthptCPhfrxlHadOBJD	1
1vfezMIyCr4XUdYRaKIKi3	5xenrbYhp4IRydrWpBe4Bx	5
1vfezMIyCr4XUdYRaKIKi3	7xAcVHPiirnUqfdqo0USb1	4
1vfezMIyCr4XUdYRaKIKi3	6nzxy2wXs6tLgzEtqOkEi2	3
1vfezMIyCr4XUdYRaKIKi3	7gSjFKpVmDgC2MMsnN8CYq	2
1vfezMIyCr4XUdYRaKIKi3	15Dh5PvHQj909E0RgAe0aN	1
08rMCq2ek1YjdDBsCPVH2s	5xenrbYhp4IRydrWpBe4Bx	5
08rMCq2ek1YjdDBsCPVH2s	6lHL3ubAMgSasKjNqKb8HF	4
08rMCq2ek1YjdDBsCPVH2s	6zDBeei6hHRiZdAJ6zoTCo	3
08rMCq2ek1YjdDBsCPVH2s	6vfR5QRc3xca0KvpG8KZBE	2
08rMCq2ek1YjdDBsCPVH2s	5NDMothbpdpq2xHqSjrrWn	1
4NgmPmKCSWm4kczsm6J3FO	3CoW2DhcuWKs93YEjEY5Eq	5
4NgmPmKCSWm4kczsm6J3FO	6Mox9P9U7HpuAd9ULwvP7N	4
4NgmPmKCSWm4kczsm6J3FO	5xenrbYhp4IRydrWpBe4Bx	3
4NgmPmKCSWm4kczsm6J3FO	2retT7MFwHDVTeGKDdybEx	2
4NgmPmKCSWm4kczsm6J3FO	15Dh5PvHQj909E0RgAe0aN	1
0yqDXjskTQI1nj9bH6W9Ze	6Mox9P9U7HpuAd9ULwvP7N	5
0yqDXjskTQI1nj9bH6W9Ze	15Dh5PvHQj909E0RgAe0aN	4
0yqDXjskTQI1nj9bH6W9Ze	5xenrbYhp4IRydrWpBe4Bx	3
0yqDXjskTQI1nj9bH6W9Ze	1nSRa2YjjFWJLHGKM07oGQ	2
0yqDXjskTQI1nj9bH6W9Ze	6lu1azxkCc8fQMYIhyQn8J	1
1c70yCa8sRgIiQxl3HOEFo	5xenrbYhp4IRydrWpBe4Bx	5
1c70yCa8sRgIiQxl3HOEFo	15Dh5PvHQj909E0RgAe0aN	4
1c70yCa8sRgIiQxl3HOEFo	6Mox9P9U7HpuAd9ULwvP7N	3
1c70yCa8sRgIiQxl3HOEFo	1nSRa2YjjFWJLHGKM07oGQ	2
1c70yCa8sRgIiQxl3HOEFo	3CoW2DhcuWKs93YEjEY5Eq	1
2S8UlyXW4JjjHcbeg8ddIo	5z2cHsOmmmWcAPNG1oEhw0	5
2S8UlyXW4JjjHcbeg8ddIo	1nSRa2YjjFWJLHGKM07oGQ	4
2S8UlyXW4JjjHcbeg8ddIo	7peqq4aACFkBwIWGG0YRJ9	3
2S8UlyXW4JjjHcbeg8ddIo	3lJ6jvOiNY46L2juqXufpf	2
2S8UlyXW4JjjHcbeg8ddIo	5NDMothbpdpq2xHqSjrrWn	1
1nSRa2YjjFWJLHGKM07oGQ	2lFHVcUeJ9Gq6AZiU3ZAOa	5
1nSRa2YjjFWJLHGKM07oGQ	15Dh5PvHQj909E0RgAe0aN	4
1nSRa2YjjFWJLHGKM07oGQ	2S8UlyXW4JjjHcbeg8ddIo	3
1nSRa2YjjFWJLHGKM07oGQ	5xenrbYhp4IRydrWpBe4Bx	2
1nSRa2YjjFWJLHGKM07oGQ	6lHL3ubAMgSasKjNqKb8HF	1
3FD9VAd0ppjmKbfxF4LzUh	63wjoROpeh5f11Qm93UiJ1	5
3FD9VAd0ppjmKbfxF4LzUh	27FGXRNruFoOdf1vP8dqcH	4
3FD9VAd0ppjmKbfxF4LzUh	6pSsE5y0uJMwYj83KrPyf9	3
3FD9VAd0ppjmKbfxF4LzUh	5xenrbYhp4IRydrWpBe4Bx	2
3FD9VAd0ppjmKbfxF4LzUh	4eAOcbAXIF4BmbN6E1QIlw	1
3AuMNF8rQAKOzjYppFNAoB	4eAOcbAXIF4BmbN6E1QIlw	5
3AuMNF8rQAKOzjYppFNAoB	5xenrbYhp4IRydrWpBe4Bx	4
3AuMNF8rQAKOzjYppFNAoB	63wjoROpeh5f11Qm93UiJ1	3
3AuMNF8rQAKOzjYppFNAoB	35GL8Cu2GKTcHzKGi75xl5	2
3AuMNF8rQAKOzjYppFNAoB	05oH07COxkXKIMt6mIPRee	1
7gSjFKpVmDgC2MMsnN8CYq	6zDBeei6hHRiZdAJ6zoTCo	5
7gSjFKpVmDgC2MMsnN8CYq	3YJMzGjAm245zwJooY7PEj	4
7gSjFKpVmDgC2MMsnN8CYq	4O2YL4ygn6eTBC0w1hyWUM	3
7gSjFKpVmDgC2MMsnN8CYq	6AVLthptCPhfrxlHadOBJD	2
7gSjFKpVmDgC2MMsnN8CYq	7xAcVHPiirnUqfdqo0USb1	1
0KWcq2E8ejxp78jdfpCd4K	1lE6SEy8f84Zhjvp7r8yTD	5
0KWcq2E8ejxp78jdfpCd4K	6zDBeei6hHRiZdAJ6zoTCo	4
0KWcq2E8ejxp78jdfpCd4K	5NDMothbpdpq2xHqSjrrWn	3
0KWcq2E8ejxp78jdfpCd4K	49FeZO3eSrJs7oH7lYLU1r	2
0KWcq2E8ejxp78jdfpCd4K	5wBDD4FNJvob5fAGkAIQ92	1
7xAcVHPiirnUqfdqo0USb1	1vfezMIyCr4XUdYRaKIKi3	5
7xAcVHPiirnUqfdqo0USb1	7gSjFKpVmDgC2MMsnN8CYq	4
7xAcVHPiirnUqfdqo0USb1	5xenrbYhp4IRydrWpBe4Bx	3
7xAcVHPiirnUqfdqo0USb1	3YJMzGjAm245zwJooY7PEj	2
7xAcVHPiirnUqfdqo0USb1	0KWcq2E8ejxp78jdfpCd4K	1
6WnCnGe06iOO6fTPYAPF03	2r3A0lVppaYaTz2ttY1Jws	5
6WnCnGe06iOO6fTPYAPF03	6TfJcKCr5hFsYZkq2k1Pac	4
6WnCnGe06iOO6fTPYAPF03	5J7URjIP8aFmeSn2QwF9Au	3
6WnCnGe06iOO6fTPYAPF03	0jUQSUOcM7lxVn5eVGTkzQ	2
6WnCnGe06iOO6fTPYAPF03	0vnUJWW8wWDGcSdwFYCIB0	1
0vnUJWW8wWDGcSdwFYCIB0	4eQdWmZw2wUyWb2jV3wcYi	5
0vnUJWW8wWDGcSdwFYCIB0	5J7URjIP8aFmeSn2QwF9Au	4
0vnUJWW8wWDGcSdwFYCIB0	14UzbliRaDDgssLOBfWxu0	3
0vnUJWW8wWDGcSdwFYCIB0	6TfJcKCr5hFsYZkq2k1Pac	2
0vnUJWW8wWDGcSdwFYCIB0	2r3A0lVppaYaTz2ttY1Jws	1
2r3A0lVppaYaTz2ttY1Jws	6WnCnGe06iOO6fTPYAPF03	5
2r3A0lVppaYaTz2ttY1Jws	6TfJcKCr5hFsYZkq2k1Pac	4
2r3A0lVppaYaTz2ttY1Jws	5J7URjIP8aFmeSn2QwF9Au	3
2r3A0lVppaYaTz2ttY1Jws	0vnUJWW8wWDGcSdwFYCIB0	2
2r3A0lVppaYaTz2ttY1Jws	0jUQSUOcM7lxVn5eVGTkzQ	1
7u6LfVyYpEzMpHLL7jTyvU	2ewAU3d4El7WSIxWUJaZJn	5
7u6LfVyYpEzMpHLL7jTyvU	59NO6KX7wQCG7jGdtH1NtL	4
7u6LfVyYpEzMpHLL7jTyvU	5jVkC5rSgdK2EPfRAmtbpH	3
7u6LfVyYpEzMpHLL7jTyvU	28821fRwpAWk44HfJ96PGV	2
7u6LfVyYpEzMpHLL7jTyvU	4jCbgl5Dmt3uOh8WRQfpPs	1
1ySUvbTVNE9pyhdzcDxjg4	7N3L5HZxQqxWSfhrrTNI29	5
1ySUvbTVNE9pyhdzcDxjg4	24icoQNJSEWNu3XvqKBR68	4
1ySUvbTVNE9pyhdzcDxjg4	3ecInXeVEuySk8y1AYFA74	3
1ySUvbTVNE9pyhdzcDxjg4	2xMBRdUYQjgJezQ8lNGQq5	2
1ySUvbTVNE9pyhdzcDxjg4	2RdnkH5txHb9c4vGwq0I31	1
7MNEVabc4cs19CbzAFZmXz	5SyCTZ8X8YQCI0J1VRp4iC	5
7MNEVabc4cs19CbzAFZmXz	6NL31G53xThQXkFs7lDpL5	4
7MNEVabc4cs19CbzAFZmXz	07d5etnpjriczFBB8pxmRe	3
7MNEVabc4cs19CbzAFZmXz	4s8ZGMVf3OiPktSP4ulpqU	2
7MNEVabc4cs19CbzAFZmXz	60R4M19QBXvs0gO4IL6CpS	1
7N3L5HZxQqxWSfhrrTNI29	3ecInXeVEuySk8y1AYFA74	5
7N3L5HZxQqxWSfhrrTNI29	7u6LfVyYpEzMpHLL7jTyvU	4
7N3L5HZxQqxWSfhrrTNI29	60R4M19QBXvs0gO4IL6CpS	3
7N3L5HZxQqxWSfhrrTNI29	4jCbgl5Dmt3uOh8WRQfpPs	2
7N3L5HZxQqxWSfhrrTNI29	2ewAU3d4El7WSIxWUJaZJn	1
7tYKF4w9nC0nq9CsPZTHyP	5ZS223C6JyBfXasXxrRqOk	5
7tYKF4w9nC0nq9CsPZTHyP	07d5etnpjriczFBB8pxmRe	4
7tYKF4w9nC0nq9CsPZTHyP	4oFdxup3UmMDNoLLITyDrs	3
7tYKF4w9nC0nq9CsPZTHyP	4VA3EAvncrTucjTmrvd4GE	2
7tYKF4w9nC0nq9CsPZTHyP	2ouzyT8IrnPQyKjUw3BXJV	1
5BO8aIDUyNtvnq98qMIs85	4hknFHNFp3UMm2Rbc6Ansf	5
5BO8aIDUyNtvnq98qMIs85	0tqGegfp4LA38TZ807OdzM	4
5BO8aIDUyNtvnq98qMIs85	0jUQSUOcM7lxVn5eVGTkzQ	3
5BO8aIDUyNtvnq98qMIs85	6If57j6e3TXXk0HiLcIZca	2
5BO8aIDUyNtvnq98qMIs85	7ibAWtDtmEfaVhc1FJ3Vl9	1
4hknFHNFp3UMm2Rbc6Ansf	5BO8aIDUyNtvnq98qMIs85	5
4hknFHNFp3UMm2Rbc6Ansf	0jUQSUOcM7lxVn5eVGTkzQ	4
4hknFHNFp3UMm2Rbc6Ansf	0tqGegfp4LA38TZ807OdzM	3
4hknFHNFp3UMm2Rbc6Ansf	6yqadcG6z5djW3lDuP7Abh	2
4hknFHNFp3UMm2Rbc6Ansf	65OtBLtkrifQrdTlKI90IR	1
6yqadcG6z5djW3lDuP7Abh	0jUQSUOcM7lxVn5eVGTkzQ	5
6yqadcG6z5djW3lDuP7Abh	69FykkhiqpzqeSNYRxc8BI	4
6yqadcG6z5djW3lDuP7Abh	6yym2cpIe5mrZdTYyq2muC	3
6yqadcG6z5djW3lDuP7Abh	5ZS223C6JyBfXasXxrRqOk	2
6yqadcG6z5djW3lDuP7Abh	65OtBLtkrifQrdTlKI90IR	1
2hsun1GbceH62Hhcj7cp2V	0yq6uHIfFks9yOURUuCITV	5
2hsun1GbceH62Hhcj7cp2V	4ULO7IGI3M2bo0Ap7B9h8a	4
2hsun1GbceH62Hhcj7cp2V	6pSsE5y0uJMwYj83KrPyf9	3
2hsun1GbceH62Hhcj7cp2V	7zmk5lkmCMVvfvwF3H8FWC	2
2hsun1GbceH62Hhcj7cp2V	7gSjFKpVmDgC2MMsnN8CYq	1
2NoFr6doacvN58q9p9EFky	6pSsE5y0uJMwYj83KrPyf9	5
2NoFr6doacvN58q9p9EFky	6yym2cpIe5mrZdTYyq2muC	4
2NoFr6doacvN58q9p9EFky	6Mox9P9U7HpuAd9ULwvP7N	3
2NoFr6doacvN58q9p9EFky	4ULO7IGI3M2bo0Ap7B9h8a	2
2NoFr6doacvN58q9p9EFky	3CoW2DhcuWKs93YEjEY5Eq	1
3JXpwnHbLvXxY99EuXqFPX	1fYdgyGBrMIEML5cuo5FpZ	5
3JXpwnHbLvXxY99EuXqFPX	6M3FPbf7Bldzhl3mUw0QOC	4
3JXpwnHbLvXxY99EuXqFPX	0t8jcjbcfE79FcWSpIkGdR	3
3JXpwnHbLvXxY99EuXqFPX	6yqadcG6z5djW3lDuP7Abh	2
3JXpwnHbLvXxY99EuXqFPX	0jUQSUOcM7lxVn5eVGTkzQ	1
63XBtGSEZINSyXylZxEUbv	69FykkhiqpzqeSNYRxc8BI	5
63XBtGSEZINSyXylZxEUbv	0jUQSUOcM7lxVn5eVGTkzQ	4
63XBtGSEZINSyXylZxEUbv	6yqadcG6z5djW3lDuP7Abh	3
63XBtGSEZINSyXylZxEUbv	0tqGegfp4LA38TZ807OdzM	2
63XBtGSEZINSyXylZxEUbv	7ibAWtDtmEfaVhc1FJ3Vl9	1
3m5xTc0hyBdOW6m2S5XC1P	44FcajG2fONeWG1KEy0DBt	5
3m5xTc0hyBdOW6m2S5XC1P	0jUQSUOcM7lxVn5eVGTkzQ	4
3m5xTc0hyBdOW6m2S5XC1P	1fYdgyGBrMIEML5cuo5FpZ	3
3m5xTc0hyBdOW6m2S5XC1P	63XBtGSEZINSyXylZxEUbv	2
3m5xTc0hyBdOW6m2S5XC1P	6yqadcG6z5djW3lDuP7Abh	1
69FykkhiqpzqeSNYRxc8BI	0jUQSUOcM7lxVn5eVGTkzQ	5
69FykkhiqpzqeSNYRxc8BI	6yqadcG6z5djW3lDuP7Abh	4
69FykkhiqpzqeSNYRxc8BI	6If57j6e3TXXk0HiLcIZca	3
69FykkhiqpzqeSNYRxc8BI	14UzbliRaDDgssLOBfWxu0	2
69FykkhiqpzqeSNYRxc8BI	5BO8aIDUyNtvnq98qMIs85	1
7r2oyrNc0YjSC7hZL87V0Y	0jUQSUOcM7lxVn5eVGTkzQ	5
7r2oyrNc0YjSC7hZL87V0Y	0tqGegfp4LA38TZ807OdzM	4
7r2oyrNc0YjSC7hZL87V0Y	65OtBLtkrifQrdTlKI90IR	3
7r2oyrNc0YjSC7hZL87V0Y	4E7AV8mtElSjHZP3xA9kyU	2
7r2oyrNc0YjSC7hZL87V0Y	7zmk5lkmCMVvfvwF3H8FWC	1
4VA3EAvncrTucjTmrvd4GE	2ouzyT8IrnPQyKjUw3BXJV	5
4VA3EAvncrTucjTmrvd4GE	24icoQNJSEWNu3XvqKBR68	4
4VA3EAvncrTucjTmrvd4GE	7tYKF4w9nC0nq9CsPZTHyP	3
4VA3EAvncrTucjTmrvd4GE	1ySUvbTVNE9pyhdzcDxjg4	2
4VA3EAvncrTucjTmrvd4GE	14UzbliRaDDgssLOBfWxu0	1
