5L8FCi81vASYMJNWbODEDZ	3dahhupQzKVXptEwFBsodc	5
5L8FCi81vASYMJNWbODEDZ	2naDLHeKqXSHT3DMII2eqb	4
5L8FCi81vASYMJNWbODEDZ	1yhcG1yQNDC2i8JHlB3HRo	3
5L8FCi81vASYMJNWbODEDZ	2RhkTBo6ams9W8hXDZ3eKI	2
5L8FCi81vASYMJNWbODEDZ	4vRyd1UZ8Eq98EppbwOBg6	1
4vRyd1UZ8Eq98EppbwOBg6	2gSskdDhLQCx3CQd6XKDhp	5
4vRyd1UZ8Eq98EppbwOBg6	2zlMeTjA7szCmqcJjBzYXJ	4
4vRyd1UZ8Eq98EppbwOBg6	7aExFIr0IHWO5aFjMrGwKw	3
4vRyd1UZ8Eq98EppbwOBg6	6EsuMifB8c5rm5P2DdjiLe	2
4vRyd1UZ8Eq98EppbwOBg6	5kO4xdEKLuHHHPreu3UmkZ	1
2RhkTBo6ams9W8hXDZ3eKI	5L8FCi81vASYMJNWbODEDZ	5
2RhkTBo6ams9W8hXDZ3eKI	2naDLHeKqXSHT3DMII2eqb	4
2RhkTBo6ams9W8hXDZ3eKI	3dahhupQzKVXptEwFBsodc	3
2RhkTBo6ams9W8hXDZ3eKI	13ecnr6q5pYMKQcpi8acxy	2
2RhkTBo6ams9W8hXDZ3eKI	3bOaXwSzOMYXFPU7ijebYK	1
1yhcG1yQNDC2i8JHlB3HRo	5L8FCi81vASYMJNWbODEDZ	5
1yhcG1yQNDC2i8JHlB3HRo	3dahhupQzKVXptEwFBsodc	4
1yhcG1yQNDC2i8JHlB3HRo	7aExFIr0IHWO5aFjMrGwKw	3
1yhcG1yQNDC2i8JHlB3HRo	66SiMdpsWXE23qqX0JaWg9	2
1yhcG1yQNDC2i8JHlB3HRo	2naDLHeKqXSHT3DMII2eqb	1
2naDLHeKqXSHT3DMII2eqb	5L8FCi81vASYMJNWbODEDZ	5
2naDLHeKqXSHT3DMII2eqb	3dahhupQzKVXptEwFBsodc	4
2naDLHeKqXSHT3DMII2eqb	7aExFIr0IHWO5aFjMrGwKw	3
2naDLHeKqXSHT3DMII2eqb	66SiMdpsWXE23qqX0JaWg9	2
2naDLHeKqXSHT3DMII2eqb	1yhcG1yQNDC2i8JHlB3HRo	1
3dahhupQzKVXptEwFBsodc	5L8FCi81vASYMJNWbODEDZ	5
3dahhupQzKVXptEwFBsodc	66SiMdpsWXE23qqX0JaWg9	4
3dahhupQzKVXptEwFBsodc	2naDLHeKqXSHT3DMII2eqb	3
3dahhupQzKVXptEwFBsodc	1yhcG1yQNDC2i8JHlB3HRo	2
3dahhupQzKVXptEwFBsodc	7aExFIr0IHWO5aFjMrGwKw	1
5kO4xdEKLuHHHPreu3UmkZ	4vRyd1UZ8Eq98EppbwOBg6	5
5kO4xdEKLuHHHPreu3UmkZ	7aExFIr0IHWO5aFjMrGwKw	4
5kO4xdEKLuHHHPreu3UmkZ	2zlMeTjA7szCmqcJjBzYXJ	3
5kO4xdEKLuHHHPreu3UmkZ	6EsuMifB8c5rm5P2DdjiLe	2
5kO4xdEKLuHHHPreu3UmkZ	2gSskdDhLQCx3CQd6XKDhp	1
6EsuMifB8c5rm5P2DdjiLe	7aExFIr0IHWO5aFjMrGwKw	5
6EsuMifB8c5rm5P2DdjiLe	4vRyd1UZ8Eq98EppbwOBg6	4
6EsuMifB8c5rm5P2DdjiLe	5kO4xdEKLuHHHPreu3UmkZ	3
6EsuMifB8c5rm5P2DdjiLe	2gSskdDhLQCx3CQd6XKDhp	2
6EsuMifB8c5rm5P2DdjiLe	1FdwVX3yL8ITuRnTZxetsA	1
7aExFIr0IHWO5aFjMrGwKw	2gSskdDhLQCx3CQd6XKDhp	5
7aExFIr0IHWO5aFjMrGwKw	4vRyd1UZ8Eq98EppbwOBg6	4
7aExFIr0IHWO5aFjMrGwKw	6EsuMifB8c5rm5P2DdjiLe	3
7aExFIr0IHWO5aFjMrGwKw	5kO4xdEKLuHHHPreu3UmkZ	2
7aExFIr0IHWO5aFjMrGwKw	2zlMeTjA7szCmqcJjBzYXJ	1
2zlMeTjA7szCmqcJjBzYXJ	7aExFIr0IHWO5aFjMrGwKw	5
2zlMeTjA7szCmqcJjBzYXJ	2gSskdDhLQCx3CQd6XKDhp	4
2zlMeTjA7szCmqcJjBzYXJ	4vRyd1UZ8Eq98EppbwOBg6	3
2zlMeTjA7szCmqcJjBzYXJ	1FdwVX3yL8ITuRnTZxetsA	2
2zlMeTjA7szCmqcJjBzYXJ	15oeqKO5k5uZ5773tWvpda	1
2gSskdDhLQCx3CQd6XKDhp	07NzVZ0BHZ0QOOw7nGvCgo	5
2gSskdDhLQCx3CQd6XKDhp	7aExFIr0IHWO5aFjMrGwKw	4
2gSskdDhLQCx3CQd6XKDhp	15oeqKO5k5uZ5773tWvpda	3
2gSskdDhLQCx3CQd6XKDhp	4vRyd1UZ8Eq98EppbwOBg6	2
2gSskdDhLQCx3CQd6XKDhp	00UuF3fAevVz8L0f1WfiQ6	1
3bOaXwSzOMYXFPU7ijebYK	5L8FCi81vASYMJNWbODEDZ	5
3bOaXwSzOMYXFPU7ijebYK	2RhkTBo6ams9W8hXDZ3eKI	4
3bOaXwSzOMYXFPU7ijebYK	65DrfMsqDV0FYVyuu372EA	3
3bOaXwSzOMYXFPU7ijebYK	1kSOv0QaraiHwnDs5ld2kr	2
3bOaXwSzOMYXFPU7ijebYK	0XFbUk3QnKwp0vl9sIQtIg	1
13ecnr6q5pYMKQcpi8acxy	2RhkTBo6ams9W8hXDZ3eKI	5
13ecnr6q5pYMKQcpi8acxy	5L8FCi81vASYMJNWbODEDZ	4
13ecnr6q5pYMKQcpi8acxy	2naDLHeKqXSHT3DMII2eqb	3
13ecnr6q5pYMKQcpi8acxy	5E9cD4KO1vPaT66cgXktHf	2
13ecnr6q5pYMKQcpi8acxy	3dahhupQzKVXptEwFBsodc	1
66SiMdpsWXE23qqX0JaWg9	3dahhupQzKVXptEwFBsodc	5
66SiMdpsWXE23qqX0JaWg9	7aExFIr0IHWO5aFjMrGwKw	4
66SiMdpsWXE23qqX0JaWg9	2gSskdDhLQCx3CQd6XKDhp	3
66SiMdpsWXE23qqX0JaWg9	00UuF3fAevVz8L0f1WfiQ6	2
66SiMdpsWXE23qqX0JaWg9	1yhcG1yQNDC2i8JHlB3HRo	1
1FdwVX3yL8ITuRnTZxetsA	4vRyd1UZ8Eq98EppbwOBg6	5
1FdwVX3yL8ITuRnTZxetsA	2zlMeTjA7szCmqcJjBzYXJ	4
1FdwVX3yL8ITuRnTZxetsA	7aExFIr0IHWO5aFjMrGwKw	3
1FdwVX3yL8ITuRnTZxetsA	2gSskdDhLQCx3CQd6XKDhp	2
1FdwVX3yL8ITuRnTZxetsA	15oeqKO5k5uZ5773tWvpda	1
15oeqKO5k5uZ5773tWvpda	2gSskdDhLQCx3CQd6XKDhp	5
15oeqKO5k5uZ5773tWvpda	07NzVZ0BHZ0QOOw7nGvCgo	4
15oeqKO5k5uZ5773tWvpda	7aExFIr0IHWO5aFjMrGwKw	3
15oeqKO5k5uZ5773tWvpda	2zlMeTjA7szCmqcJjBzYXJ	2
15oeqKO5k5uZ5773tWvpda	6EZzVXM2uDRPmnHWq9yPDE	1
00UuF3fAevVz8L0f1WfiQ6	2gSskdDhLQCx3CQd6XKDhp	5
00UuF3fAevVz8L0f1WfiQ6	07NzVZ0BHZ0QOOw7nGvCgo	4
00UuF3fAevVz8L0f1WfiQ6	7aExFIr0IHWO5aFjMrGwKw	3
00UuF3fAevVz8L0f1WfiQ6	7mPFWoDGjh7ArW1yr79EX8	2
00UuF3fAevVz8L0f1WfiQ6	66SiMdpsWXE23qqX0JaWg9	1
07NzVZ0BHZ0QOOw7nGvCgo	2gSskdDhLQCx3CQd6XKDhp	5
07NzVZ0BHZ0QOOw7nGvCgo	7aExFIr0IHWO5aFjMrGwKw	4
07NzVZ0BHZ0QOOw7nGvCgo	15oeqKO5k5uZ5773tWvpda	3
07NzVZ0BHZ0QOOw7nGvCgo	7dSnChJjb0jdfulJsIijoC	2
07NzVZ0BHZ0QOOw7nGvCgo	4FViGgjWpnJJ21reE6pHko	1
0XFbUk3QnKwp0vl9sIQtIg	00UuF3fAevVz8L0f1WfiQ6	5
0XFbUk3QnKwp0vl9sIQtIg	74g0xdNndEjFzMKSRFUMNM	4
0XFbUk3QnKwp0vl9sIQtIg	7mPFWoDGjh7ArW1yr79EX8	3
0XFbUk3QnKwp0vl9sIQtIg	2gSskdDhLQCx3CQd6XKDhp	2
0XFbUk3QnKwp0vl9sIQtIg	2FtoVJBkfbE89zyZJ0E9eR	1
1kSOv0QaraiHwnDs5ld2kr	5L8FCi81vASYMJNWbODEDZ	5
1kSOv0QaraiHwnDs5ld2kr	0XFbUk3QnKwp0vl9sIQtIg	4
1kSOv0QaraiHwnDs5ld2kr	65DrfMsqDV0FYVyuu372EA	3
1kSOv0QaraiHwnDs5ld2kr	2gSskdDhLQCx3CQd6XKDhp	2
1kSOv0QaraiHwnDs5ld2kr	7aExFIr0IHWO5aFjMrGwKw	1
65DrfMsqDV0FYVyuu372EA	5L8FCi81vASYMJNWbODEDZ	5
65DrfMsqDV0FYVyuu372EA	2naDLHeKqXSHT3DMII2eqb	4
65DrfMsqDV0FYVyuu372EA	2RhkTBo6ams9W8hXDZ3eKI	3
65DrfMsqDV0FYVyuu372EA	1kSOv0QaraiHwnDs5ld2kr	2
65DrfMsqDV0FYVyuu372EA	66SiMdpsWXE23qqX0JaWg9	1
5E9cD4KO1vPaT66cgXktHf	13ecnr6q5pYMKQcpi8acxy	5
5E9cD4KO1vPaT66cgXktHf	2RhkTBo6ams9W8hXDZ3eKI	4
5E9cD4KO1vPaT66cgXktHf	6jAZ0Vg8P52hUomLqMPXcS	3
5E9cD4KO1vPaT66cgXktHf	2m2vWbN6WZU0Mtv569ndeb	2
5E9cD4KO1vPaT66cgXktHf	3dahhupQzKVXptEwFBsodc	1
6EZzVXM2uDRPmnHWq9yPDE	2gSskdDhLQCx3CQd6XKDhp	5
6EZzVXM2uDRPmnHWq9yPDE	15oeqKO5k5uZ5773tWvpda	4
6EZzVXM2uDRPmnHWq9yPDE	07NzVZ0BHZ0QOOw7nGvCgo	3
6EZzVXM2uDRPmnHWq9yPDE	6nPKmEbQmR8jGZEm7ArOFX	2
6EZzVXM2uDRPmnHWq9yPDE	1FdwVX3yL8ITuRnTZxetsA	1
7mPFWoDGjh7ArW1yr79EX8	00UuF3fAevVz8L0f1WfiQ6	5
7mPFWoDGjh7ArW1yr79EX8	2gSskdDhLQCx3CQd6XKDhp	4
7mPFWoDGjh7ArW1yr79EX8	4vRyd1UZ8Eq98EppbwOBg6	3
7mPFWoDGjh7ArW1yr79EX8	0XFbUk3QnKwp0vl9sIQtIg	2
7mPFWoDGjh7ArW1yr79EX8	49KZvkEWchga5D1uhNo1yd	1
4FViGgjWpnJJ21reE6pHko	07NzVZ0BHZ0QOOw7nGvCgo	5
4FViGgjWpnJJ21reE6pHko	1ycL0Ct3hz0glGDIwsUyNG	4
4FViGgjWpnJJ21reE6pHko	0XFbUk3QnKwp0vl9sIQtIg	3
4FViGgjWpnJJ21reE6pHko	00UuF3fAevVz8L0f1WfiQ6	2
4FViGgjWpnJJ21reE6pHko	5hId7yMy0kbGP6IiKWVDql	1
7dSnChJjb0jdfulJsIijoC	07NzVZ0BHZ0QOOw7nGvCgo	5
7dSnChJjb0jdfulJsIijoC	2gSskdDhLQCx3CQd6XKDhp	4
7dSnChJjb0jdfulJsIijoC	00UuF3fAevVz8L0f1WfiQ6	3
7dSnChJjb0jdfulJsIijoC	3enRG6NEAfCkJI2muGcnT1	2
7dSnChJjb0jdfulJsIijoC	74g0xdNndEjFzMKSRFUMNM	1
2FtoVJBkfbE89zyZJ0E9eR	0XFbUk3QnKwp0vl9sIQtIg	5
2FtoVJBkfbE89zyZJ0E9eR	00UuF3fAevVz8L0f1WfiQ6	4
2FtoVJBkfbE89zyZJ0E9eR	74g0xdNndEjFzMKSRFUMNM	3
2FtoVJBkfbE89zyZJ0E9eR	5DjfEhP0XiH279qFeyR7qF	2
2FtoVJBkfbE89zyZJ0E9eR	7mPFWoDGjh7ArW1yr79EX8	1
74g0xdNndEjFzMKSRFUMNM	7mPFWoDGjh7ArW1yr79EX8	5
74g0xdNndEjFzMKSRFUMNM	4vRyd1UZ8Eq98EppbwOBg6	4
74g0xdNndEjFzMKSRFUMNM	7DtrCdyysCDj5BlVKcassv	3
74g0xdNndEjFzMKSRFUMNM	7aExFIr0IHWO5aFjMrGwKw	2
74g0xdNndEjFzMKSRFUMNM	2gSskdDhLQCx3CQd6XKDhp	1
2m2vWbN6WZU0Mtv569ndeb	2RhkTBo6ams9W8hXDZ3eKI	5
2m2vWbN6WZU0Mtv569ndeb	6qkPaSxnQrcu1EDqdfkrmN	4
2m2vWbN6WZU0Mtv569ndeb	6jAZ0Vg8P52hUomLqMPXcS	3
2m2vWbN6WZU0Mtv569ndeb	5oiElzH2fBhl2USxQkOqQX	2
2m2vWbN6WZU0Mtv569ndeb	5E9cD4KO1vPaT66cgXktHf	1
6jAZ0Vg8P52hUomLqMPXcS	6U174IQnD4TiKibxvVLYk6	5
6jAZ0Vg8P52hUomLqMPXcS	3dahhupQzKVXptEwFBsodc	4
6jAZ0Vg8P52hUomLqMPXcS	2naDLHeKqXSHT3DMII2eqb	3
6jAZ0Vg8P52hUomLqMPXcS	0m8dKC3T9anldCh2OgZ6pJ	2
6jAZ0Vg8P52hUomLqMPXcS	2RhkTBo6ams9W8hXDZ3eKI	1
6nPKmEbQmR8jGZEm7ArOFX	5JuPv0rJXe5aWNTgu8YVqZ	5
6nPKmEbQmR8jGZEm7ArOFX	5dCuFngSPyOOnTAvrC7v2s	4
6nPKmEbQmR8jGZEm7ArOFX	5v8WPpMk60cqZbuZLdXjKY	3
6nPKmEbQmR8jGZEm7ArOFX	6EZzVXM2uDRPmnHWq9yPDE	2
6nPKmEbQmR8jGZEm7ArOFX	3VhvGNnWfzmlEyiuhzdgf5	1
49KZvkEWchga5D1uhNo1yd	7mPFWoDGjh7ArW1yr79EX8	5
49KZvkEWchga5D1uhNo1yd	4vRyd1UZ8Eq98EppbwOBg6	4
49KZvkEWchga5D1uhNo1yd	5L8FCi81vASYMJNWbODEDZ	3
49KZvkEWchga5D1uhNo1yd	7aExFIr0IHWO5aFjMrGwKw	2
49KZvkEWchga5D1uhNo1yd	6EsuMifB8c5rm5P2DdjiLe	1
5hId7yMy0kbGP6IiKWVDql	07NzVZ0BHZ0QOOw7nGvCgo	5
5hId7yMy0kbGP6IiKWVDql	1ycL0Ct3hz0glGDIwsUyNG	4
5hId7yMy0kbGP6IiKWVDql	6mY93oNfUaUwZq67yn3R8k	3
5hId7yMy0kbGP6IiKWVDql	20k4RFKXyboeDSz9bjumx0	2
5hId7yMy0kbGP6IiKWVDql	36hwOoNPgnsKnhoMBYpJrJ	1
1ycL0Ct3hz0glGDIwsUyNG	07NzVZ0BHZ0QOOw7nGvCgo	5
1ycL0Ct3hz0glGDIwsUyNG	4FViGgjWpnJJ21reE6pHko	4
1ycL0Ct3hz0glGDIwsUyNG	20k4RFKXyboeDSz9bjumx0	3
1ycL0Ct3hz0glGDIwsUyNG	5hId7yMy0kbGP6IiKWVDql	2
1ycL0Ct3hz0glGDIwsUyNG	7ApWhtmpJkPyd5WjwDdDfX	1
3enRG6NEAfCkJI2muGcnT1	20k4RFKXyboeDSz9bjumx0	5
3enRG6NEAfCkJI2muGcnT1	07NzVZ0BHZ0QOOw7nGvCgo	4
3enRG6NEAfCkJI2muGcnT1	5v8WPpMk60cqZbuZLdXjKY	3
3enRG6NEAfCkJI2muGcnT1	0xeI9Z0Uhs8bYGBRpqq88X	2
3enRG6NEAfCkJI2muGcnT1	1h0hOL3bVcYlg4xcSjU7fP	1
5DjfEhP0XiH279qFeyR7qF	0XFbUk3QnKwp0vl9sIQtIg	5
5DjfEhP0XiH279qFeyR7qF	2FtoVJBkfbE89zyZJ0E9eR	4
5DjfEhP0XiH279qFeyR7qF	5L8FCi81vASYMJNWbODEDZ	3
5DjfEhP0XiH279qFeyR7qF	7mPFWoDGjh7ArW1yr79EX8	2
5DjfEhP0XiH279qFeyR7qF	74g0xdNndEjFzMKSRFUMNM	1
7DtrCdyysCDj5BlVKcassv	43YDeIUqhR3Y5rRPSH6AOt	5
7DtrCdyysCDj5BlVKcassv	74g0xdNndEjFzMKSRFUMNM	4
7DtrCdyysCDj5BlVKcassv	4vRyd1UZ8Eq98EppbwOBg6	3
7DtrCdyysCDj5BlVKcassv	7mPFWoDGjh7ArW1yr79EX8	2
7DtrCdyysCDj5BlVKcassv	5L8FCi81vASYMJNWbODEDZ	1
5oiElzH2fBhl2USxQkOqQX	2m2vWbN6WZU0Mtv569ndeb	5
5oiElzH2fBhl2USxQkOqQX	6qkPaSxnQrcu1EDqdfkrmN	4
5oiElzH2fBhl2USxQkOqQX	2XK72tuwp8P3EHWhZ1ZvZU	3
5oiElzH2fBhl2USxQkOqQX	5L8FCi81vASYMJNWbODEDZ	2
5oiElzH2fBhl2USxQkOqQX	2gSskdDhLQCx3CQd6XKDhp	1
6qkPaSxnQrcu1EDqdfkrmN	5oiElzH2fBhl2USxQkOqQX	5
6qkPaSxnQrcu1EDqdfkrmN	2m2vWbN6WZU0Mtv569ndeb	4
6qkPaSxnQrcu1EDqdfkrmN	2XK72tuwp8P3EHWhZ1ZvZU	3
6qkPaSxnQrcu1EDqdfkrmN	0QxExzfx8GmcOIv8zeFyrV	2
6qkPaSxnQrcu1EDqdfkrmN	54r29SDtMTD5MMRFs5beOM	1
0m8dKC3T9anldCh2OgZ6pJ	0zNSuwnNWdr8g5EmE0YWKx	5
0m8dKC3T9anldCh2OgZ6pJ	07NzVZ0BHZ0QOOw7nGvCgo	4
0m8dKC3T9anldCh2OgZ6pJ	5L8FCi81vASYMJNWbODEDZ	3
0m8dKC3T9anldCh2OgZ6pJ	66SiMdpsWXE23qqX0JaWg9	2
0m8dKC3T9anldCh2OgZ6pJ	2naDLHeKqXSHT3DMII2eqb	1
6U174IQnD4TiKibxvVLYk6	5L8FCi81vASYMJNWbODEDZ	5
6U174IQnD4TiKibxvVLYk6	3dahhupQzKVXptEwFBsodc	4
6U174IQnD4TiKibxvVLYk6	7aExFIr0IHWO5aFjMrGwKw	3
6U174IQnD4TiKibxvVLYk6	2naDLHeKqXSHT3DMII2eqb	2
6U174IQnD4TiKibxvVLYk6	66SiMdpsWXE23qqX0JaWg9	1
3VhvGNnWfzmlEyiuhzdgf5	0XErJwG6aCEj7NpKsEZrrO	5
3VhvGNnWfzmlEyiuhzdgf5	6nPKmEbQmR8jGZEm7ArOFX	4
3VhvGNnWfzmlEyiuhzdgf5	58CohJpaPmE4H0fXEAnt4i	3
3VhvGNnWfzmlEyiuhzdgf5	3Ev1WS21x5Jav9j214A19O	2
3VhvGNnWfzmlEyiuhzdgf5	5v8WPpMk60cqZbuZLdXjKY	1
5v8WPpMk60cqZbuZLdXjKY	22JuR9OeENcP54XN5TlNWS	5
5v8WPpMk60cqZbuZLdXjKY	6nPKmEbQmR8jGZEm7ArOFX	4
5v8WPpMk60cqZbuZLdXjKY	41ZMMuFFLPTVPkUsSI5KlV	3
5v8WPpMk60cqZbuZLdXjKY	1h0hOL3bVcYlg4xcSjU7fP	2
5v8WPpMk60cqZbuZLdXjKY	5JuPv0rJXe5aWNTgu8YVqZ	1
5dCuFngSPyOOnTAvrC7v2s	1h0hOL3bVcYlg4xcSjU7fP	5
5dCuFngSPyOOnTAvrC7v2s	2ScuQMRWThcifBRIvNDFDC	4
5dCuFngSPyOOnTAvrC7v2s	0yT9vbP1EOnCpl2McnF9nH	3
5dCuFngSPyOOnTAvrC7v2s	0XErJwG6aCEj7NpKsEZrrO	2
5dCuFngSPyOOnTAvrC7v2s	2gCsNOpiBaMNh20jQ5prf0	1
5JuPv0rJXe5aWNTgu8YVqZ	0xeI9Z0Uhs8bYGBRpqq88X	5
5JuPv0rJXe5aWNTgu8YVqZ	5v8WPpMk60cqZbuZLdXjKY	4
5JuPv0rJXe5aWNTgu8YVqZ	1NnRjWELSLqFONDhwc8VU7	3
5JuPv0rJXe5aWNTgu8YVqZ	0K0qr72ojMFr5dMkUKgbW5	2
5JuPv0rJXe5aWNTgu8YVqZ	20k4RFKXyboeDSz9bjumx0	1
36hwOoNPgnsKnhoMBYpJrJ	41ZMMuFFLPTVPkUsSI5KlV	5
36hwOoNPgnsKnhoMBYpJrJ	78CBFzwo7wwNaaTYVP5btK	4
36hwOoNPgnsKnhoMBYpJrJ	22JuR9OeENcP54XN5TlNWS	3
36hwOoNPgnsKnhoMBYpJrJ	20k4RFKXyboeDSz9bjumx0	2
36hwOoNPgnsKnhoMBYpJrJ	69VgCcXFV59QuQWEXSTxfK	1
20k4RFKXyboeDSz9bjumx0	1h0hOL3bVcYlg4xcSjU7fP	5
20k4RFKXyboeDSz9bjumx0	6tlPbmYME3fjRkSBb3pjoB	4
20k4RFKXyboeDSz9bjumx0	6mY93oNfUaUwZq67yn3R8k	3
20k4RFKXyboeDSz9bjumx0	78CBFzwo7wwNaaTYVP5btK	2
20k4RFKXyboeDSz9bjumx0	3enRG6NEAfCkJI2muGcnT1	1
6mY93oNfUaUwZq67yn3R8k	78CBFzwo7wwNaaTYVP5btK	5
6mY93oNfUaUwZq67yn3R8k	4NikxGoDm5LGVYAHj0Euoc	4
6mY93oNfUaUwZq67yn3R8k	7wcrtrCODZkNbpq1ZYABxs	3
6mY93oNfUaUwZq67yn3R8k	20k4RFKXyboeDSz9bjumx0	2
6mY93oNfUaUwZq67yn3R8k	5hId7yMy0kbGP6IiKWVDql	1
7ApWhtmpJkPyd5WjwDdDfX	6mY93oNfUaUwZq67yn3R8k	5
7ApWhtmpJkPyd5WjwDdDfX	78CBFzwo7wwNaaTYVP5btK	4
7ApWhtmpJkPyd5WjwDdDfX	2eECVTTCHnDwsBirJPiDke	3
7ApWhtmpJkPyd5WjwDdDfX	20k4RFKXyboeDSz9bjumx0	2
7ApWhtmpJkPyd5WjwDdDfX	7wcrtrCODZkNbpq1ZYABxs	1
1h0hOL3bVcYlg4xcSjU7fP	5dCuFngSPyOOnTAvrC7v2s	5
1h0hOL3bVcYlg4xcSjU7fP	0XErJwG6aCEj7NpKsEZrrO	4
1h0hOL3bVcYlg4xcSjU7fP	78CBFzwo7wwNaaTYVP5btK	3
1h0hOL3bVcYlg4xcSjU7fP	3Ev1WS21x5Jav9j214A19O	2
1h0hOL3bVcYlg4xcSjU7fP	20k4RFKXyboeDSz9bjumx0	1
0xeI9Z0Uhs8bYGBRpqq88X	20k4RFKXyboeDSz9bjumx0	5
0xeI9Z0Uhs8bYGBRpqq88X	78CBFzwo7wwNaaTYVP5btK	4
0xeI9Z0Uhs8bYGBRpqq88X	1h0hOL3bVcYlg4xcSjU7fP	3
0xeI9Z0Uhs8bYGBRpqq88X	5JuPv0rJXe5aWNTgu8YVqZ	2
0xeI9Z0Uhs8bYGBRpqq88X	5v8WPpMk60cqZbuZLdXjKY	1
43YDeIUqhR3Y5rRPSH6AOt	5L8FCi81vASYMJNWbODEDZ	5
43YDeIUqhR3Y5rRPSH6AOt	7DtrCdyysCDj5BlVKcassv	4
43YDeIUqhR3Y5rRPSH6AOt	7mPFWoDGjh7ArW1yr79EX8	3
43YDeIUqhR3Y5rRPSH6AOt	4vRyd1UZ8Eq98EppbwOBg6	2
43YDeIUqhR3Y5rRPSH6AOt	66SiMdpsWXE23qqX0JaWg9	1
2XK72tuwp8P3EHWhZ1ZvZU	5oiElzH2fBhl2USxQkOqQX	5
2XK72tuwp8P3EHWhZ1ZvZU	6qkPaSxnQrcu1EDqdfkrmN	4
2XK72tuwp8P3EHWhZ1ZvZU	2m2vWbN6WZU0Mtv569ndeb	3
2XK72tuwp8P3EHWhZ1ZvZU	2q5zchHPgQC5SSHjdtEaIg	2
2XK72tuwp8P3EHWhZ1ZvZU	4DWp2vzrZeLvQCQ8sTd8rv	1
54r29SDtMTD5MMRFs5beOM	3Ls3OzpyV3C69KoOIbIlKg	5
54r29SDtMTD5MMRFs5beOM	56Onb9cx77RNnoWaSOtxTN	4
54r29SDtMTD5MMRFs5beOM	0MYjRZe8gMwqi5QD8KfbLr	3
54r29SDtMTD5MMRFs5beOM	3GZcT4xuipXe11ZCVOhebT	2
54r29SDtMTD5MMRFs5beOM	69rZPa6JKkcCOhGHIFNGhv	1
0QxExzfx8GmcOIv8zeFyrV	2RhkTBo6ams9W8hXDZ3eKI	5
0QxExzfx8GmcOIv8zeFyrV	7Lx9EVbaJHtuHlYsN6tXkT	4
0QxExzfx8GmcOIv8zeFyrV	3Ks8gfOiRm64NuCnRWe6IF	3
0QxExzfx8GmcOIv8zeFyrV	0xX011zuCbdCtqSbxr9rBp	2
0QxExzfx8GmcOIv8zeFyrV	5jesAjcP62hQtrI1vjrvnn	1
0zNSuwnNWdr8g5EmE0YWKx	0m8dKC3T9anldCh2OgZ6pJ	5
0zNSuwnNWdr8g5EmE0YWKx	3dahhupQzKVXptEwFBsodc	4
0zNSuwnNWdr8g5EmE0YWKx	2naDLHeKqXSHT3DMII2eqb	3
0zNSuwnNWdr8g5EmE0YWKx	7aExFIr0IHWO5aFjMrGwKw	2
0zNSuwnNWdr8g5EmE0YWKx	5L8FCi81vASYMJNWbODEDZ	1
3Ev1WS21x5Jav9j214A19O	1h0hOL3bVcYlg4xcSjU7fP	5
3Ev1WS21x5Jav9j214A19O	0XErJwG6aCEj7NpKsEZrrO	4
3Ev1WS21x5Jav9j214A19O	78CBFzwo7wwNaaTYVP5btK	3
3Ev1WS21x5Jav9j214A19O	69mMUlfVNVGQsw733rBShc	2
3Ev1WS21x5Jav9j214A19O	737qPoiQQkeuIzuJy54aK4	1
58CohJpaPmE4H0fXEAnt4i	3VhvGNnWfzmlEyiuhzdgf5	5
58CohJpaPmE4H0fXEAnt4i	5UCUtfCh50agObTTt2ma1M	4
58CohJpaPmE4H0fXEAnt4i	4Imc3wiT22cuynvQNpXcVn	3
58CohJpaPmE4H0fXEAnt4i	02tMtF5FVucqAJW2TQB9ig	2
58CohJpaPmE4H0fXEAnt4i	1DTgcOxytJHD8p17mhSgd7	1
0XErJwG6aCEj7NpKsEZrrO	3Ev1WS21x5Jav9j214A19O	5
0XErJwG6aCEj7NpKsEZrrO	5dCuFngSPyOOnTAvrC7v2s	4
0XErJwG6aCEj7NpKsEZrrO	1h0hOL3bVcYlg4xcSjU7fP	3
0XErJwG6aCEj7NpKsEZrrO	69mMUlfVNVGQsw733rBShc	2
0XErJwG6aCEj7NpKsEZrrO	6fxCRWTrlk6wDMM4Gn421s	1
41ZMMuFFLPTVPkUsSI5KlV	5v8WPpMk60cqZbuZLdXjKY	5
41ZMMuFFLPTVPkUsSI5KlV	78CBFzwo7wwNaaTYVP5btK	4
41ZMMuFFLPTVPkUsSI5KlV	6nPKmEbQmR8jGZEm7ArOFX	3
41ZMMuFFLPTVPkUsSI5KlV	36hwOoNPgnsKnhoMBYpJrJ	2
41ZMMuFFLPTVPkUsSI5KlV	22JuR9OeENcP54XN5TlNWS	1
22JuR9OeENcP54XN5TlNWS	78CBFzwo7wwNaaTYVP5btK	5
22JuR9OeENcP54XN5TlNWS	69VgCcXFV59QuQWEXSTxfK	4
22JuR9OeENcP54XN5TlNWS	5v8WPpMk60cqZbuZLdXjKY	3
22JuR9OeENcP54XN5TlNWS	6mY93oNfUaUwZq67yn3R8k	2
22JuR9OeENcP54XN5TlNWS	41ZMMuFFLPTVPkUsSI5KlV	1
2gCsNOpiBaMNh20jQ5prf0	5dCuFngSPyOOnTAvrC7v2s	5
2gCsNOpiBaMNh20jQ5prf0	5aygfDCEaX5KTZOxSCpT9o	4
2gCsNOpiBaMNh20jQ5prf0	2ODUxmFxJSyvGiimNhMHbO	3
2gCsNOpiBaMNh20jQ5prf0	1uFixbBAduJkFAeRKznkvW	2
2gCsNOpiBaMNh20jQ5prf0	1h0hOL3bVcYlg4xcSjU7fP	1
0yT9vbP1EOnCpl2McnF9nH	2ScuQMRWThcifBRIvNDFDC	5
0yT9vbP1EOnCpl2McnF9nH	5dCuFngSPyOOnTAvrC7v2s	4
0yT9vbP1EOnCpl2McnF9nH	0augulkuXFx1qPfb590w2C	3
0yT9vbP1EOnCpl2McnF9nH	1h0hOL3bVcYlg4xcSjU7fP	2
0yT9vbP1EOnCpl2McnF9nH	2ODUxmFxJSyvGiimNhMHbO	1
2ScuQMRWThcifBRIvNDFDC	5s4z3mRAE7nxE3jjft8J3h	5
2ScuQMRWThcifBRIvNDFDC	0yT9vbP1EOnCpl2McnF9nH	4
2ScuQMRWThcifBRIvNDFDC	5dCuFngSPyOOnTAvrC7v2s	3
2ScuQMRWThcifBRIvNDFDC	3y1DgnVXqckGJrbwOKchdU	2
2ScuQMRWThcifBRIvNDFDC	2ODUxmFxJSyvGiimNhMHbO	1
0K0qr72ojMFr5dMkUKgbW5	6MaCG0Ef8DahWf6Mn0Ikve	5
0K0qr72ojMFr5dMkUKgbW5	1NnRjWELSLqFONDhwc8VU7	4
0K0qr72ojMFr5dMkUKgbW5	2FtoVJBkfbE89zyZJ0E9eR	3
0K0qr72ojMFr5dMkUKgbW5	0xeI9Z0Uhs8bYGBRpqq88X	2
0K0qr72ojMFr5dMkUKgbW5	1C7crJJ0HPOCCllrBaw6Rz	1
1NnRjWELSLqFONDhwc8VU7	5IrMTnoQ7OgoLpFfsisXX2	5
1NnRjWELSLqFONDhwc8VU7	0xeI9Z0Uhs8bYGBRpqq88X	4
1NnRjWELSLqFONDhwc8VU7	5JuPv0rJXe5aWNTgu8YVqZ	3
1NnRjWELSLqFONDhwc8VU7	4aoS04mCVj1CMam1LiHngo	2
1NnRjWELSLqFONDhwc8VU7	6tlPbmYME3fjRkSBb3pjoB	1
69VgCcXFV59QuQWEXSTxfK	78CBFzwo7wwNaaTYVP5btK	5
69VgCcXFV59QuQWEXSTxfK	36hwOoNPgnsKnhoMBYpJrJ	4
69VgCcXFV59QuQWEXSTxfK	22JuR9OeENcP54XN5TlNWS	3
69VgCcXFV59QuQWEXSTxfK	6mY93oNfUaUwZq67yn3R8k	2
69VgCcXFV59QuQWEXSTxfK	7ApWhtmpJkPyd5WjwDdDfX	1
78CBFzwo7wwNaaTYVP5btK	6mY93oNfUaUwZq67yn3R8k	5
78CBFzwo7wwNaaTYVP5btK	1h0hOL3bVcYlg4xcSjU7fP	4
78CBFzwo7wwNaaTYVP5btK	22JuR9OeENcP54XN5TlNWS	3
78CBFzwo7wwNaaTYVP5btK	69VgCcXFV59QuQWEXSTxfK	2
78CBFzwo7wwNaaTYVP5btK	5v8WPpMk60cqZbuZLdXjKY	1
6tlPbmYME3fjRkSBb3pjoB	5JuPv0rJXe5aWNTgu8YVqZ	5
6tlPbmYME3fjRkSBb3pjoB	5IrMTnoQ7OgoLpFfsisXX2	4
6tlPbmYME3fjRkSBb3pjoB	7ApWhtmpJkPyd5WjwDdDfX	3
6tlPbmYME3fjRkSBb3pjoB	1NnRjWELSLqFONDhwc8VU7	2
6tlPbmYME3fjRkSBb3pjoB	20k4RFKXyboeDSz9bjumx0	1
7wcrtrCODZkNbpq1ZYABxs	6mY93oNfUaUwZq67yn3R8k	5
7wcrtrCODZkNbpq1ZYABxs	4NikxGoDm5LGVYAHj0Euoc	4
7wcrtrCODZkNbpq1ZYABxs	72D581Szg2z107f9qlLvjV	3
7wcrtrCODZkNbpq1ZYABxs	2eECVTTCHnDwsBirJPiDke	2
7wcrtrCODZkNbpq1ZYABxs	2mGsLcgVJSfpUTgrMuPxt3	1
4NikxGoDm5LGVYAHj0Euoc	6mY93oNfUaUwZq67yn3R8k	5
4NikxGoDm5LGVYAHj0Euoc	7wcrtrCODZkNbpq1ZYABxs	4
4NikxGoDm5LGVYAHj0Euoc	2eECVTTCHnDwsBirJPiDke	3
4NikxGoDm5LGVYAHj0Euoc	78CBFzwo7wwNaaTYVP5btK	2
4NikxGoDm5LGVYAHj0Euoc	16vIA3JDwbJiQugWKimd2o	1
2eECVTTCHnDwsBirJPiDke	3HojqGF4FshKki7Ku6gPqE	5
2eECVTTCHnDwsBirJPiDke	4NikxGoDm5LGVYAHj0Euoc	4
2eECVTTCHnDwsBirJPiDke	3LkeAX21Tyb0t1CCAP5aq3	3
2eECVTTCHnDwsBirJPiDke	6tThEAJKUsHlj0ALfRObEP	2
2eECVTTCHnDwsBirJPiDke	69mMUlfVNVGQsw733rBShc	1
4DWp2vzrZeLvQCQ8sTd8rv	4Ujvr4G5Rywx14YvfZxTUL	5
4DWp2vzrZeLvQCQ8sTd8rv	2q5zchHPgQC5SSHjdtEaIg	4
4DWp2vzrZeLvQCQ8sTd8rv	0QxExzfx8GmcOIv8zeFyrV	3
4DWp2vzrZeLvQCQ8sTd8rv	4BUTAY9RYBfmzm34qNpW55	2
4DWp2vzrZeLvQCQ8sTd8rv	1xubRnHzwuyK41xc6mJ4qq	1
2q5zchHPgQC5SSHjdtEaIg	0QxExzfx8GmcOIv8zeFyrV	5
2q5zchHPgQC5SSHjdtEaIg	0V2j6BDKmGqymFJmuwvsXb	4
2q5zchHPgQC5SSHjdtEaIg	13ecnr6q5pYMKQcpi8acxy	3
2q5zchHPgQC5SSHjdtEaIg	0Yd0FTB1v9SQeQCftEvo1y	2
2q5zchHPgQC5SSHjdtEaIg	1VwsTCny2wBZCgvP9UElqJ	1
69rZPa6JKkcCOhGHIFNGhv	56Onb9cx77RNnoWaSOtxTN	5
69rZPa6JKkcCOhGHIFNGhv	0MYjRZe8gMwqi5QD8KfbLr	4
69rZPa6JKkcCOhGHIFNGhv	3Ls3OzpyV3C69KoOIbIlKg	3
69rZPa6JKkcCOhGHIFNGhv	54r29SDtMTD5MMRFs5beOM	2
69rZPa6JKkcCOhGHIFNGhv	335SnfP0KhCw9OlaBQg4oS	1
3GZcT4xuipXe11ZCVOhebT	17CH3Hrtt0TCQAE6A4W2hi	5
3GZcT4xuipXe11ZCVOhebT	0Zi7EahCna3p3aWftqPJlB	4
3GZcT4xuipXe11ZCVOhebT	0zNSuwnNWdr8g5EmE0YWKx	3
3GZcT4xuipXe11ZCVOhebT	66SiMdpsWXE23qqX0JaWg9	2
3GZcT4xuipXe11ZCVOhebT	7aExFIr0IHWO5aFjMrGwKw	1
0MYjRZe8gMwqi5QD8KfbLr	54r29SDtMTD5MMRFs5beOM	5
0MYjRZe8gMwqi5QD8KfbLr	56Onb9cx77RNnoWaSOtxTN	4
0MYjRZe8gMwqi5QD8KfbLr	1SUHWGGIsGQq6WDWV03ETc	3
0MYjRZe8gMwqi5QD8KfbLr	3ItHn0axv1tudF6wB9p05N	2
0MYjRZe8gMwqi5QD8KfbLr	4PvGN04GJTXMLGYuCAIPOY	1
56Onb9cx77RNnoWaSOtxTN	3Ls3OzpyV3C69KoOIbIlKg	5
56Onb9cx77RNnoWaSOtxTN	69rZPa6JKkcCOhGHIFNGhv	4
56Onb9cx77RNnoWaSOtxTN	54r29SDtMTD5MMRFs5beOM	3
56Onb9cx77RNnoWaSOtxTN	0MYjRZe8gMwqi5QD8KfbLr	2
56Onb9cx77RNnoWaSOtxTN	3ItHn0axv1tudF6wB9p05N	1
3Ls3OzpyV3C69KoOIbIlKg	56Onb9cx77RNnoWaSOtxTN	5
3Ls3OzpyV3C69KoOIbIlKg	54r29SDtMTD5MMRFs5beOM	4
3Ls3OzpyV3C69KoOIbIlKg	4WJqYyP8gDxQkbc5r8mRMX	3
3Ls3OzpyV3C69KoOIbIlKg	69rZPa6JKkcCOhGHIFNGhv	2
3Ls3OzpyV3C69KoOIbIlKg	3GZcT4xuipXe11ZCVOhebT	1
5jesAjcP62hQtrI1vjrvnn	4OkbBmLdUNrf0XNBeGjMdU	5
5jesAjcP62hQtrI1vjrvnn	5MaVRr3ep1CvVT8wpiLhdf	4
5jesAjcP62hQtrI1vjrvnn	4NumCIP8POt0FVlkJkAu0K	3
5jesAjcP62hQtrI1vjrvnn	1g3Qri8FzR7OO5uRaKqzy6	2
5jesAjcP62hQtrI1vjrvnn	4UQVy9lVQpzh68QfRSOpeC	1
0xX011zuCbdCtqSbxr9rBp	6bhTYHyRke8xXpLeJBu5Nt	5
0xX011zuCbdCtqSbxr9rBp	3nqAYXW3MqUVIkbjEu14ke	4
0xX011zuCbdCtqSbxr9rBp	1U15eUZnXs9gRM2m17Zfm4	3
0xX011zuCbdCtqSbxr9rBp	3TiIQ8LN53JufQUBwQwnMD	2
0xX011zuCbdCtqSbxr9rBp	1cW0q9f8hRYIxjZI03XBoX	1
3Ks8gfOiRm64NuCnRWe6IF	6NkmPGz9etvaz1jn4QQWKS	5
3Ks8gfOiRm64NuCnRWe6IF	3dahhupQzKVXptEwFBsodc	4
3Ks8gfOiRm64NuCnRWe6IF	5L8FCi81vASYMJNWbODEDZ	3
3Ks8gfOiRm64NuCnRWe6IF	13ecnr6q5pYMKQcpi8acxy	2
3Ks8gfOiRm64NuCnRWe6IF	3v9vWpKpU7D9slq5VQ6CRb	1
7Lx9EVbaJHtuHlYsN6tXkT	5vE8RjdV4ed9LGtwDhNZU2	5
7Lx9EVbaJHtuHlYsN6tXkT	4OkbBmLdUNrf0XNBeGjMdU	4
7Lx9EVbaJHtuHlYsN6tXkT	27mUh9pCqaPmtwEN0WtwAy	3
7Lx9EVbaJHtuHlYsN6tXkT	42bLosexIDEGB92EkkfgwI	2
7Lx9EVbaJHtuHlYsN6tXkT	4UQVy9lVQpzh68QfRSOpeC	1
737qPoiQQkeuIzuJy54aK4	78CBFzwo7wwNaaTYVP5btK	5
737qPoiQQkeuIzuJy54aK4	1h0hOL3bVcYlg4xcSjU7fP	4
737qPoiQQkeuIzuJy54aK4	3Ev1WS21x5Jav9j214A19O	3
737qPoiQQkeuIzuJy54aK4	5v8WPpMk60cqZbuZLdXjKY	2
737qPoiQQkeuIzuJy54aK4	0q9kpdDkEA3H17gcRMjgVS	1
69mMUlfVNVGQsw733rBShc	0uDA9BcTnKIPpNcZX6ZY3x	5
69mMUlfVNVGQsw733rBShc	5WFeN8vtX0TYqv0IYVbWZT	4
69mMUlfVNVGQsw733rBShc	0XErJwG6aCEj7NpKsEZrrO	3
69mMUlfVNVGQsw733rBShc	3Ev1WS21x5Jav9j214A19O	2
69mMUlfVNVGQsw733rBShc	4piaw0UhXEi9S0G5CyJo2B	1
1DTgcOxytJHD8p17mhSgd7	4Imc3wiT22cuynvQNpXcVn	5
1DTgcOxytJHD8p17mhSgd7	4EYVgfZJ8wKXWmIvCx3gOY	4
1DTgcOxytJHD8p17mhSgd7	0V6zo2mJw9FdwWLClKC9yw	3
1DTgcOxytJHD8p17mhSgd7	21uawITknPcgjwdJuvpcGE	2
1DTgcOxytJHD8p17mhSgd7	3uZRvkqeNHKLMFQrJBaUCX	1
02tMtF5FVucqAJW2TQB9ig	5csKyypxXUXTNBUGuCrsoV	5
02tMtF5FVucqAJW2TQB9ig	70sHURBVOq2rwWkmBpDxYa	4
02tMtF5FVucqAJW2TQB9ig	3uZRvkqeNHKLMFQrJBaUCX	3
02tMtF5FVucqAJW2TQB9ig	7LvQ7F9il2LSzH7iwR4N2p	2
02tMtF5FVucqAJW2TQB9ig	4Imc3wiT22cuynvQNpXcVn	1
4Imc3wiT22cuynvQNpXcVn	3uZRvkqeNHKLMFQrJBaUCX	5
4Imc3wiT22cuynvQNpXcVn	1DTgcOxytJHD8p17mhSgd7	4
4Imc3wiT22cuynvQNpXcVn	02tMtF5FVucqAJW2TQB9ig	3
4Imc3wiT22cuynvQNpXcVn	70sHURBVOq2rwWkmBpDxYa	2
4Imc3wiT22cuynvQNpXcVn	7yJXicqUOMPY5Iofua29C0	1
5UCUtfCh50agObTTt2ma1M	3OPJZtUlpoL3kZloBGY1lA	5
5UCUtfCh50agObTTt2ma1M	02tMtF5FVucqAJW2TQB9ig	4
5UCUtfCh50agObTTt2ma1M	58CohJpaPmE4H0fXEAnt4i	3
5UCUtfCh50agObTTt2ma1M	3uZRvkqeNHKLMFQrJBaUCX	2
5UCUtfCh50agObTTt2ma1M	70sHURBVOq2rwWkmBpDxYa	1
6fxCRWTrlk6wDMM4Gn421s	0XErJwG6aCEj7NpKsEZrrO	5
6fxCRWTrlk6wDMM4Gn421s	3Ev1WS21x5Jav9j214A19O	4
6fxCRWTrlk6wDMM4Gn421s	1h0hOL3bVcYlg4xcSjU7fP	3
6fxCRWTrlk6wDMM4Gn421s	3VhvGNnWfzmlEyiuhzdgf5	2
6fxCRWTrlk6wDMM4Gn421s	5dCuFngSPyOOnTAvrC7v2s	1
1uFixbBAduJkFAeRKznkvW	5aygfDCEaX5KTZOxSCpT9o	5
1uFixbBAduJkFAeRKznkvW	5dCuFngSPyOOnTAvrC7v2s	4
1uFixbBAduJkFAeRKznkvW	1h0hOL3bVcYlg4xcSjU7fP	3
1uFixbBAduJkFAeRKznkvW	2ODUxmFxJSyvGiimNhMHbO	2
1uFixbBAduJkFAeRKznkvW	7EynH3keqfKUmauyaeZoxv	1
2ODUxmFxJSyvGiimNhMHbO	1uFixbBAduJkFAeRKznkvW	5
2ODUxmFxJSyvGiimNhMHbO	2ScuQMRWThcifBRIvNDFDC	4
2ODUxmFxJSyvGiimNhMHbO	5dCuFngSPyOOnTAvrC7v2s	3
2ODUxmFxJSyvGiimNhMHbO	2gCsNOpiBaMNh20jQ5prf0	2
2ODUxmFxJSyvGiimNhMHbO	0augulkuXFx1qPfb590w2C	1
5aygfDCEaX5KTZOxSCpT9o	2gCsNOpiBaMNh20jQ5prf0	5
5aygfDCEaX5KTZOxSCpT9o	5dCuFngSPyOOnTAvrC7v2s	4
5aygfDCEaX5KTZOxSCpT9o	1uFixbBAduJkFAeRKznkvW	3
5aygfDCEaX5KTZOxSCpT9o	1h0hOL3bVcYlg4xcSjU7fP	2
5aygfDCEaX5KTZOxSCpT9o	2ODUxmFxJSyvGiimNhMHbO	1
0augulkuXFx1qPfb590w2C	0yT9vbP1EOnCpl2McnF9nH	5
0augulkuXFx1qPfb590w2C	2ScuQMRWThcifBRIvNDFDC	4
0augulkuXFx1qPfb590w2C	2ODUxmFxJSyvGiimNhMHbO	3
0augulkuXFx1qPfb590w2C	1uFixbBAduJkFAeRKznkvW	2
0augulkuXFx1qPfb590w2C	5dCuFngSPyOOnTAvrC7v2s	1
3y1DgnVXqckGJrbwOKchdU	2ScuQMRWThcifBRIvNDFDC	5
3y1DgnVXqckGJrbwOKchdU	5s4z3mRAE7nxE3jjft8J3h	4
3y1DgnVXqckGJrbwOKchdU	6R7WjUX7Fk4zHPEHSdqEkY	3
3y1DgnVXqckGJrbwOKchdU	17obwOahRWI121iMUZznh2	2
3y1DgnVXqckGJrbwOKchdU	2ODUxmFxJSyvGiimNhMHbO	1
5s4z3mRAE7nxE3jjft8J3h	2ScuQMRWThcifBRIvNDFDC	5
5s4z3mRAE7nxE3jjft8J3h	3y1DgnVXqckGJrbwOKchdU	4
5s4z3mRAE7nxE3jjft8J3h	2ODUxmFxJSyvGiimNhMHbO	3
5s4z3mRAE7nxE3jjft8J3h	17obwOahRWI121iMUZznh2	2
5s4z3mRAE7nxE3jjft8J3h	0augulkuXFx1qPfb590w2C	1
1C7crJJ0HPOCCllrBaw6Rz	0K0qr72ojMFr5dMkUKgbW5	5
1C7crJJ0HPOCCllrBaw6Rz	5Htb3OCSbYrsNjXgFP1LqD	4
1C7crJJ0HPOCCllrBaw6Rz	5JuPv0rJXe5aWNTgu8YVqZ	3
1C7crJJ0HPOCCllrBaw6Rz	2TLqxQWKzeqnaovkTxI3TV	2
1C7crJJ0HPOCCllrBaw6Rz	6MaCG0Ef8DahWf6Mn0Ikve	1
6MaCG0Ef8DahWf6Mn0Ikve	0K0qr72ojMFr5dMkUKgbW5	5
6MaCG0Ef8DahWf6Mn0Ikve	0XFbUk3QnKwp0vl9sIQtIg	4
6MaCG0Ef8DahWf6Mn0Ikve	0xeI9Z0Uhs8bYGBRpqq88X	3
6MaCG0Ef8DahWf6Mn0Ikve	2FtoVJBkfbE89zyZJ0E9eR	2
6MaCG0Ef8DahWf6Mn0Ikve	2WGyRLosdDgGJTLijIPpNC	1
4aoS04mCVj1CMam1LiHngo	641QgCXSYTbRm9kigj0ABL	5
4aoS04mCVj1CMam1LiHngo	1h0hOL3bVcYlg4xcSjU7fP	4
4aoS04mCVj1CMam1LiHngo	6mY93oNfUaUwZq67yn3R8k	3
4aoS04mCVj1CMam1LiHngo	7EynH3keqfKUmauyaeZoxv	2
4aoS04mCVj1CMam1LiHngo	5MPJKwuEzyWgfueKrogllD	1
5IrMTnoQ7OgoLpFfsisXX2	4FViGgjWpnJJ21reE6pHko	5
5IrMTnoQ7OgoLpFfsisXX2	1NnRjWELSLqFONDhwc8VU7	4
5IrMTnoQ7OgoLpFfsisXX2	1ycL0Ct3hz0glGDIwsUyNG	3
5IrMTnoQ7OgoLpFfsisXX2	0xeI9Z0Uhs8bYGBRpqq88X	2
5IrMTnoQ7OgoLpFfsisXX2	6tlPbmYME3fjRkSBb3pjoB	1
2mGsLcgVJSfpUTgrMuPxt3	72D581Szg2z107f9qlLvjV	5
2mGsLcgVJSfpUTgrMuPxt3	7wcrtrCODZkNbpq1ZYABxs	4
2mGsLcgVJSfpUTgrMuPxt3	6mY93oNfUaUwZq67yn3R8k	3
2mGsLcgVJSfpUTgrMuPxt3	2eECVTTCHnDwsBirJPiDke	2
2mGsLcgVJSfpUTgrMuPxt3	78CBFzwo7wwNaaTYVP5btK	1
72D581Szg2z107f9qlLvjV	7wcrtrCODZkNbpq1ZYABxs	5
72D581Szg2z107f9qlLvjV	2mGsLcgVJSfpUTgrMuPxt3	4
72D581Szg2z107f9qlLvjV	2eECVTTCHnDwsBirJPiDke	3
72D581Szg2z107f9qlLvjV	6mY93oNfUaUwZq67yn3R8k	2
72D581Szg2z107f9qlLvjV	36hwOoNPgnsKnhoMBYpJrJ	1
16vIA3JDwbJiQugWKimd2o	6mY93oNfUaUwZq67yn3R8k	5
16vIA3JDwbJiQugWKimd2o	7wcrtrCODZkNbpq1ZYABxs	4
16vIA3JDwbJiQugWKimd2o	72D581Szg2z107f9qlLvjV	3
16vIA3JDwbJiQugWKimd2o	2eECVTTCHnDwsBirJPiDke	2
16vIA3JDwbJiQugWKimd2o	2mGsLcgVJSfpUTgrMuPxt3	1
6tThEAJKUsHlj0ALfRObEP	2eECVTTCHnDwsBirJPiDke	5
6tThEAJKUsHlj0ALfRObEP	0eEnHswi9Dhgzc26XLrWzl	4
6tThEAJKUsHlj0ALfRObEP	53jUBSXe4fqdmJWmu2VQPi	3
6tThEAJKUsHlj0ALfRObEP	3HojqGF4FshKki7Ku6gPqE	2
6tThEAJKUsHlj0ALfRObEP	56M0TPfeix1WjBuylxkVeG	1
3LkeAX21Tyb0t1CCAP5aq3	2eECVTTCHnDwsBirJPiDke	5
3LkeAX21Tyb0t1CCAP5aq3	3HojqGF4FshKki7Ku6gPqE	4
3LkeAX21Tyb0t1CCAP5aq3	4NikxGoDm5LGVYAHj0Euoc	3
3LkeAX21Tyb0t1CCAP5aq3	7wcrtrCODZkNbpq1ZYABxs	2
3LkeAX21Tyb0t1CCAP5aq3	72D581Szg2z107f9qlLvjV	1
3HojqGF4FshKki7Ku6gPqE	2eECVTTCHnDwsBirJPiDke	5
3HojqGF4FshKki7Ku6gPqE	4NikxGoDm5LGVYAHj0Euoc	4
3HojqGF4FshKki7Ku6gPqE	6mY93oNfUaUwZq67yn3R8k	3
3HojqGF4FshKki7Ku6gPqE	7wcrtrCODZkNbpq1ZYABxs	2
3HojqGF4FshKki7Ku6gPqE	3LkeAX21Tyb0t1CCAP5aq3	1
1xubRnHzwuyK41xc6mJ4qq	4BUTAY9RYBfmzm34qNpW55	5
1xubRnHzwuyK41xc6mJ4qq	5dDn7LCRUJJ2ZrsWnggSJd	4
1xubRnHzwuyK41xc6mJ4qq	4DWp2vzrZeLvQCQ8sTd8rv	3
1xubRnHzwuyK41xc6mJ4qq	0Zi7EahCna3p3aWftqPJlB	2
1xubRnHzwuyK41xc6mJ4qq	4xnuL3y3B7Tg63WzDPi8KM	1
4BUTAY9RYBfmzm34qNpW55	1xubRnHzwuyK41xc6mJ4qq	5
4BUTAY9RYBfmzm34qNpW55	5dDn7LCRUJJ2ZrsWnggSJd	4
4BUTAY9RYBfmzm34qNpW55	4DWp2vzrZeLvQCQ8sTd8rv	3
4BUTAY9RYBfmzm34qNpW55	0Zi7EahCna3p3aWftqPJlB	2
4BUTAY9RYBfmzm34qNpW55	4xnuL3y3B7Tg63WzDPi8KM	1
4Ujvr4G5Rywx14YvfZxTUL	7KK6yWfjJe7ANO6eebDfKk	5
4Ujvr4G5Rywx14YvfZxTUL	4DWp2vzrZeLvQCQ8sTd8rv	4
4Ujvr4G5Rywx14YvfZxTUL	3EHYb1bHMzrTzeZDRdW9cH	3
4Ujvr4G5Rywx14YvfZxTUL	213w6gq1J5PtQD0y48UvSy	2
4Ujvr4G5Rywx14YvfZxTUL	1uk52dWfT03ATzZPSzgfYS	1
1VwsTCny2wBZCgvP9UElqJ	49KZvkEWchga5D1uhNo1yd	5
1VwsTCny2wBZCgvP9UElqJ	6EsuMifB8c5rm5P2DdjiLe	4
1VwsTCny2wBZCgvP9UElqJ	7aExFIr0IHWO5aFjMrGwKw	3
1VwsTCny2wBZCgvP9UElqJ	4vRyd1UZ8Eq98EppbwOBg6	2
1VwsTCny2wBZCgvP9UElqJ	6HwigzRpuWoCZDqMOQc5eu	1
0Yd0FTB1v9SQeQCftEvo1y	2q5zchHPgQC5SSHjdtEaIg	5
0Yd0FTB1v9SQeQCftEvo1y	6QJiBD30jWBvxpP0CIbd4n	4
0Yd0FTB1v9SQeQCftEvo1y	2EcimaTNo8eeR82H0xwlqt	3
0Yd0FTB1v9SQeQCftEvo1y	4eVI0JHjv4VPfIAAJ4eUjQ	2
0Yd0FTB1v9SQeQCftEvo1y	0QxExzfx8GmcOIv8zeFyrV	1
0V2j6BDKmGqymFJmuwvsXb	2q5zchHPgQC5SSHjdtEaIg	5
0V2j6BDKmGqymFJmuwvsXb	6ZjL942Hb7QD44eB8s8INO	4
0V2j6BDKmGqymFJmuwvsXb	57Ypg6uPzhCQeABm2A8dI1	3
0V2j6BDKmGqymFJmuwvsXb	0Zi7EahCna3p3aWftqPJlB	2
0V2j6BDKmGqymFJmuwvsXb	1PNIYNopvlpgdbsWciqErT	1
335SnfP0KhCw9OlaBQg4oS	60tHVwHaOnP6N2KXR2z60D	5
335SnfP0KhCw9OlaBQg4oS	2HWxo4rx9jh0lljgUsvxLU	4
335SnfP0KhCw9OlaBQg4oS	7nvEKh9qJ1N9LpB7d2jmyc	3
335SnfP0KhCw9OlaBQg4oS	6cLDdjUZzzXg5MGBmjgdOO	2
335SnfP0KhCw9OlaBQg4oS	6XXvo76AcMF2SubXuNHUIE	1
0Zi7EahCna3p3aWftqPJlB	17CH3Hrtt0TCQAE6A4W2hi	5
0Zi7EahCna3p3aWftqPJlB	3GZcT4xuipXe11ZCVOhebT	4
0Zi7EahCna3p3aWftqPJlB	7aExFIr0IHWO5aFjMrGwKw	3
0Zi7EahCna3p3aWftqPJlB	2zlMeTjA7szCmqcJjBzYXJ	2
0Zi7EahCna3p3aWftqPJlB	4vRyd1UZ8Eq98EppbwOBg6	1
17CH3Hrtt0TCQAE6A4W2hi	3GZcT4xuipXe11ZCVOhebT	5
17CH3Hrtt0TCQAE6A4W2hi	6flsf2cZ2wOYRAM7iFoT9q	4
17CH3Hrtt0TCQAE6A4W2hi	3uRtSFydK1HUbCKndkfc86	3
17CH3Hrtt0TCQAE6A4W2hi	5WkhT7y0IEBeCfCqh3Dt0l	2
17CH3Hrtt0TCQAE6A4W2hi	6B9MZBKAqMnlkFWwyVagkr	1
4PvGN04GJTXMLGYuCAIPOY	7aExFIr0IHWO5aFjMrGwKw	5
4PvGN04GJTXMLGYuCAIPOY	5kOfx7Fn7nb6dLgn7DnfhL	4
4PvGN04GJTXMLGYuCAIPOY	1JnTGwsp1MtejTzWRWOMmu	3
4PvGN04GJTXMLGYuCAIPOY	3ItHn0axv1tudF6wB9p05N	2
4PvGN04GJTXMLGYuCAIPOY	54r29SDtMTD5MMRFs5beOM	1
3ItHn0axv1tudF6wB9p05N	7aExFIr0IHWO5aFjMrGwKw	5
3ItHn0axv1tudF6wB9p05N	0MYjRZe8gMwqi5QD8KfbLr	4
3ItHn0axv1tudF6wB9p05N	4PvGN04GJTXMLGYuCAIPOY	3
3ItHn0axv1tudF6wB9p05N	56Onb9cx77RNnoWaSOtxTN	2
3ItHn0axv1tudF6wB9p05N	54r29SDtMTD5MMRFs5beOM	1
1SUHWGGIsGQq6WDWV03ETc	15oeqKO5k5uZ5773tWvpda	5
1SUHWGGIsGQq6WDWV03ETc	0MYjRZe8gMwqi5QD8KfbLr	4
1SUHWGGIsGQq6WDWV03ETc	6xuClSMZpRfDS7TD508ZIo	3
1SUHWGGIsGQq6WDWV03ETc	4jUaXvYm6zDDCU3HHIgyAH	2
1SUHWGGIsGQq6WDWV03ETc	76N6L4ZZZ98lbw78vea5Xb	1
4UQVy9lVQpzh68QfRSOpeC	4OkbBmLdUNrf0XNBeGjMdU	5
4UQVy9lVQpzh68QfRSOpeC	4I7psd21dFJEBx5QQkjxkB	4
4UQVy9lVQpzh68QfRSOpeC	1g3Qri8FzR7OO5uRaKqzy6	3
4UQVy9lVQpzh68QfRSOpeC	27mUh9pCqaPmtwEN0WtwAy	2
4UQVy9lVQpzh68QfRSOpeC	5jesAjcP62hQtrI1vjrvnn	1
1g3Qri8FzR7OO5uRaKqzy6	4OkbBmLdUNrf0XNBeGjMdU	5
1g3Qri8FzR7OO5uRaKqzy6	4UQVy9lVQpzh68QfRSOpeC	4
1g3Qri8FzR7OO5uRaKqzy6	27mUh9pCqaPmtwEN0WtwAy	3
1g3Qri8FzR7OO5uRaKqzy6	4I7psd21dFJEBx5QQkjxkB	2
1g3Qri8FzR7OO5uRaKqzy6	1gc6kR6Xpha1fl2xRFpKIk	1
4NumCIP8POt0FVlkJkAu0K	5jesAjcP62hQtrI1vjrvnn	5
4NumCIP8POt0FVlkJkAu0K	5MaVRr3ep1CvVT8wpiLhdf	4
4NumCIP8POt0FVlkJkAu0K	5tko78jVyEsSlJZGdGxbpG	3
4NumCIP8POt0FVlkJkAu0K	4UQVy9lVQpzh68QfRSOpeC	2
4NumCIP8POt0FVlkJkAu0K	4OkbBmLdUNrf0XNBeGjMdU	1
5MaVRr3ep1CvVT8wpiLhdf	5jesAjcP62hQtrI1vjrvnn	5
5MaVRr3ep1CvVT8wpiLhdf	31SeAWbGsHwwINzdoQocf6	4
5MaVRr3ep1CvVT8wpiLhdf	4NumCIP8POt0FVlkJkAu0K	3
5MaVRr3ep1CvVT8wpiLhdf	5tko78jVyEsSlJZGdGxbpG	2
5MaVRr3ep1CvVT8wpiLhdf	3mQOFT6pRn5DeLqW5YaGBk	1
4OkbBmLdUNrf0XNBeGjMdU	1g3Qri8FzR7OO5uRaKqzy6	5
4OkbBmLdUNrf0XNBeGjMdU	4UQVy9lVQpzh68QfRSOpeC	4
4OkbBmLdUNrf0XNBeGjMdU	27mUh9pCqaPmtwEN0WtwAy	3
4OkbBmLdUNrf0XNBeGjMdU	4I7psd21dFJEBx5QQkjxkB	2
4OkbBmLdUNrf0XNBeGjMdU	5jesAjcP62hQtrI1vjrvnn	1
1cW0q9f8hRYIxjZI03XBoX	4pcHnAsKRNzgKWjkF9G2sF	5
1cW0q9f8hRYIxjZI03XBoX	4vKpJETgwazbm0ttYo7MbK	4
1cW0q9f8hRYIxjZI03XBoX	7beZYxF8Rl9zN0OQuF8Is7	3
1cW0q9f8hRYIxjZI03XBoX	2DNn0p1yaJBpYpTKfFSarX	2
1cW0q9f8hRYIxjZI03XBoX	1U15eUZnXs9gRM2m17Zfm4	1
3TiIQ8LN53JufQUBwQwnMD	0eK8mDH0pDsBuUszNGby9M	5
3TiIQ8LN53JufQUBwQwnMD	7M7TSTOosYbVsbedK8fxsi	4
3TiIQ8LN53JufQUBwQwnMD	6kTPuQHcH6YM2dBbFP5kZR	3
3TiIQ8LN53JufQUBwQwnMD	7lun84nzwi0f1tksYBMK39	2
3TiIQ8LN53JufQUBwQwnMD	1QVCiYzxeqycGNHoMuScof	1
1U15eUZnXs9gRM2m17Zfm4	1yUnegCvc8swErrcEuKCJu	5
1U15eUZnXs9gRM2m17Zfm4	65Ab8LfdWXDrzHcNoyJI8O	4
1U15eUZnXs9gRM2m17Zfm4	4pcHnAsKRNzgKWjkF9G2sF	3
1U15eUZnXs9gRM2m17Zfm4	1cW0q9f8hRYIxjZI03XBoX	2
1U15eUZnXs9gRM2m17Zfm4	7oStq5KzN4jzmIKaqJdImp	1
3nqAYXW3MqUVIkbjEu14ke	5Qa4pTLoiWuEYFjJghvujk	5
3nqAYXW3MqUVIkbjEu14ke	4IggsyqUYYWYNKCVR6i1T0	4
3nqAYXW3MqUVIkbjEu14ke	05z5NFKQzNd4ygOwdKwTYU	3
3nqAYXW3MqUVIkbjEu14ke	3Xk3RuaXYMimRZPSl5ku2l	2
3nqAYXW3MqUVIkbjEu14ke	2CU61U87fEpZ3UURXyrVWw	1
6bhTYHyRke8xXpLeJBu5Nt	2jdmfQKudMVIgTiBxa9iH3	5
6bhTYHyRke8xXpLeJBu5Nt	1k588CiN0kAGxTP3pusCVR	4
6bhTYHyRke8xXpLeJBu5Nt	3E3cr37VTq6ndmdisGN8qZ	3
6bhTYHyRke8xXpLeJBu5Nt	5vV7Vssz7rPL2LF4oGueGh	2
6bhTYHyRke8xXpLeJBu5Nt	6HWG3L2t3FFhD9L2o0htlp	1
3v9vWpKpU7D9slq5VQ6CRb	3Ks8gfOiRm64NuCnRWe6IF	5
3v9vWpKpU7D9slq5VQ6CRb	2KsrPzMI0aathUkcHYjj8W	4
3v9vWpKpU7D9slq5VQ6CRb	5L8FCi81vASYMJNWbODEDZ	3
3v9vWpKpU7D9slq5VQ6CRb	3dahhupQzKVXptEwFBsodc	2
3v9vWpKpU7D9slq5VQ6CRb	49KZvkEWchga5D1uhNo1yd	1
6NkmPGz9etvaz1jn4QQWKS	3Ks8gfOiRm64NuCnRWe6IF	5
6NkmPGz9etvaz1jn4QQWKS	5L8FCi81vASYMJNWbODEDZ	4
6NkmPGz9etvaz1jn4QQWKS	2RhkTBo6ams9W8hXDZ3eKI	3
6NkmPGz9etvaz1jn4QQWKS	2KsrPzMI0aathUkcHYjj8W	2
6NkmPGz9etvaz1jn4QQWKS	3bOaXwSzOMYXFPU7ijebYK	1
42bLosexIDEGB92EkkfgwI	5vE8RjdV4ed9LGtwDhNZU2	5
42bLosexIDEGB92EkkfgwI	27mUh9pCqaPmtwEN0WtwAy	4
42bLosexIDEGB92EkkfgwI	3ykFnagw3soGw8dPsLf8md	3
42bLosexIDEGB92EkkfgwI	6imvCFWGp2h6NhRHae2qFm	2
42bLosexIDEGB92EkkfgwI	2ZHVU0K5bpWrPWmxVGLuFd	1
27mUh9pCqaPmtwEN0WtwAy	4OkbBmLdUNrf0XNBeGjMdU	5
27mUh9pCqaPmtwEN0WtwAy	42bLosexIDEGB92EkkfgwI	4
27mUh9pCqaPmtwEN0WtwAy	5vE8RjdV4ed9LGtwDhNZU2	3
27mUh9pCqaPmtwEN0WtwAy	1g3Qri8FzR7OO5uRaKqzy6	2
27mUh9pCqaPmtwEN0WtwAy	4UQVy9lVQpzh68QfRSOpeC	1
5vE8RjdV4ed9LGtwDhNZU2	42bLosexIDEGB92EkkfgwI	5
5vE8RjdV4ed9LGtwDhNZU2	27mUh9pCqaPmtwEN0WtwAy	4
5vE8RjdV4ed9LGtwDhNZU2	6imvCFWGp2h6NhRHae2qFm	3
5vE8RjdV4ed9LGtwDhNZU2	3ykFnagw3soGw8dPsLf8md	2
5vE8RjdV4ed9LGtwDhNZU2	6JGhm6DpYGCnA7OYQ0YEA6	1
0q9kpdDkEA3H17gcRMjgVS	34MM7xuONEQrZRP76j2WR9	5
0q9kpdDkEA3H17gcRMjgVS	6nPKmEbQmR8jGZEm7ArOFX	4
0q9kpdDkEA3H17gcRMjgVS	5v8WPpMk60cqZbuZLdXjKY	3
0q9kpdDkEA3H17gcRMjgVS	1h0hOL3bVcYlg4xcSjU7fP	2
0q9kpdDkEA3H17gcRMjgVS	0Wxy5Qka8BN9crcFkiAxSR	1
4piaw0UhXEi9S0G5CyJo2B	0uDA9BcTnKIPpNcZX6ZY3x	5
4piaw0UhXEi9S0G5CyJo2B	5WFeN8vtX0TYqv0IYVbWZT	4
4piaw0UhXEi9S0G5CyJo2B	641QgCXSYTbRm9kigj0ABL	3
4piaw0UhXEi9S0G5CyJo2B	56tyBq8Ta1BdSTBs0gGhog	2
4piaw0UhXEi9S0G5CyJo2B	1h0hOL3bVcYlg4xcSjU7fP	1
5WFeN8vtX0TYqv0IYVbWZT	69mMUlfVNVGQsw733rBShc	5
5WFeN8vtX0TYqv0IYVbWZT	7EynH3keqfKUmauyaeZoxv	4
5WFeN8vtX0TYqv0IYVbWZT	3Ev1WS21x5Jav9j214A19O	3
5WFeN8vtX0TYqv0IYVbWZT	0phMS1UDPTZlxuEnarDUKt	2
5WFeN8vtX0TYqv0IYVbWZT	7z5ixtgDexP9ffmFvFoRlW	1
0uDA9BcTnKIPpNcZX6ZY3x	3Dogy4uGWEG13OyOJmw3R9	5
0uDA9BcTnKIPpNcZX6ZY3x	56tyBq8Ta1BdSTBs0gGhog	4
0uDA9BcTnKIPpNcZX6ZY3x	641QgCXSYTbRm9kigj0ABL	3
0uDA9BcTnKIPpNcZX6ZY3x	5WFeN8vtX0TYqv0IYVbWZT	2
0uDA9BcTnKIPpNcZX6ZY3x	4l8tDkcTwCBeLrQPk5lEU3	1
3uZRvkqeNHKLMFQrJBaUCX	02tMtF5FVucqAJW2TQB9ig	5
3uZRvkqeNHKLMFQrJBaUCX	4Imc3wiT22cuynvQNpXcVn	4
3uZRvkqeNHKLMFQrJBaUCX	1DTgcOxytJHD8p17mhSgd7	3
3uZRvkqeNHKLMFQrJBaUCX	7yJXicqUOMPY5Iofua29C0	2
3uZRvkqeNHKLMFQrJBaUCX	70sHURBVOq2rwWkmBpDxYa	1
21uawITknPcgjwdJuvpcGE	0V6zo2mJw9FdwWLClKC9yw	5
21uawITknPcgjwdJuvpcGE	4WL6MC4jDW7w7K9hfc4MVS	4
21uawITknPcgjwdJuvpcGE	3iOE5ItEv5xr9fmKi7GNh2	3
21uawITknPcgjwdJuvpcGE	0ckkj0a9CvIJr4h84B0OlN	2
21uawITknPcgjwdJuvpcGE	4EYVgfZJ8wKXWmIvCx3gOY	1
0V6zo2mJw9FdwWLClKC9yw	21uawITknPcgjwdJuvpcGE	5
0V6zo2mJw9FdwWLClKC9yw	4EYVgfZJ8wKXWmIvCx3gOY	4
0V6zo2mJw9FdwWLClKC9yw	4WL6MC4jDW7w7K9hfc4MVS	3
0V6zo2mJw9FdwWLClKC9yw	1DTgcOxytJHD8p17mhSgd7	2
0V6zo2mJw9FdwWLClKC9yw	3mOiEPe870jJrahcf2TPYZ	1
4EYVgfZJ8wKXWmIvCx3gOY	0V6zo2mJw9FdwWLClKC9yw	5
4EYVgfZJ8wKXWmIvCx3gOY	21uawITknPcgjwdJuvpcGE	4
4EYVgfZJ8wKXWmIvCx3gOY	1DTgcOxytJHD8p17mhSgd7	3
4EYVgfZJ8wKXWmIvCx3gOY	7yJXicqUOMPY5Iofua29C0	2
4EYVgfZJ8wKXWmIvCx3gOY	4WL6MC4jDW7w7K9hfc4MVS	1
7LvQ7F9il2LSzH7iwR4N2p	7oR6vQt8KT2ZWUpC65jTha	5
7LvQ7F9il2LSzH7iwR4N2p	70sHURBVOq2rwWkmBpDxYa	4
7LvQ7F9il2LSzH7iwR4N2p	1drcMrZqfYsecBlwciiLDZ	3
7LvQ7F9il2LSzH7iwR4N2p	02tMtF5FVucqAJW2TQB9ig	2
7LvQ7F9il2LSzH7iwR4N2p	30mioA7NpWc5srCRGEfSf0	1
70sHURBVOq2rwWkmBpDxYa	5csKyypxXUXTNBUGuCrsoV	5
70sHURBVOq2rwWkmBpDxYa	7oR6vQt8KT2ZWUpC65jTha	4
70sHURBVOq2rwWkmBpDxYa	02tMtF5FVucqAJW2TQB9ig	3
70sHURBVOq2rwWkmBpDxYa	7LvQ7F9il2LSzH7iwR4N2p	2
70sHURBVOq2rwWkmBpDxYa	3uZRvkqeNHKLMFQrJBaUCX	1
5csKyypxXUXTNBUGuCrsoV	02tMtF5FVucqAJW2TQB9ig	5
5csKyypxXUXTNBUGuCrsoV	70sHURBVOq2rwWkmBpDxYa	4
5csKyypxXUXTNBUGuCrsoV	3uZRvkqeNHKLMFQrJBaUCX	3
5csKyypxXUXTNBUGuCrsoV	7LvQ7F9il2LSzH7iwR4N2p	2
5csKyypxXUXTNBUGuCrsoV	4BfUHTiOoOcunsrw4mS2HU	1
7yJXicqUOMPY5Iofua29C0	1DTgcOxytJHD8p17mhSgd7	5
7yJXicqUOMPY5Iofua29C0	0V6zo2mJw9FdwWLClKC9yw	4
7yJXicqUOMPY5Iofua29C0	4EYVgfZJ8wKXWmIvCx3gOY	3
7yJXicqUOMPY5Iofua29C0	3uZRvkqeNHKLMFQrJBaUCX	2
7yJXicqUOMPY5Iofua29C0	4Imc3wiT22cuynvQNpXcVn	1
3OPJZtUlpoL3kZloBGY1lA	3VhvGNnWfzmlEyiuhzdgf5	5
3OPJZtUlpoL3kZloBGY1lA	0jr3aWcRKkO3LqX09eWbot	4
3OPJZtUlpoL3kZloBGY1lA	6fxCRWTrlk6wDMM4Gn421s	3
3OPJZtUlpoL3kZloBGY1lA	7rmHrwuyVuFNIvikHchsQn	2
3OPJZtUlpoL3kZloBGY1lA	5UCUtfCh50agObTTt2ma1M	1
7EynH3keqfKUmauyaeZoxv	1h0hOL3bVcYlg4xcSjU7fP	5
7EynH3keqfKUmauyaeZoxv	0phMS1UDPTZlxuEnarDUKt	4
7EynH3keqfKUmauyaeZoxv	69mMUlfVNVGQsw733rBShc	3
7EynH3keqfKUmauyaeZoxv	4aoS04mCVj1CMam1LiHngo	2
7EynH3keqfKUmauyaeZoxv	6mY93oNfUaUwZq67yn3R8k	1
17obwOahRWI121iMUZznh2	7aUVQRiWaOqZU0JwOlGfWi	5
17obwOahRWI121iMUZznh2	6R7WjUX7Fk4zHPEHSdqEkY	4
17obwOahRWI121iMUZznh2	0MAvx5yzdhylg2ztJC3MD3	3
17obwOahRWI121iMUZznh2	3y1DgnVXqckGJrbwOKchdU	2
17obwOahRWI121iMUZznh2	4Se7TFuKKQVCzttyri6bg3	1
6R7WjUX7Fk4zHPEHSdqEkY	0ks4E3VJXDIRABtxz2IiBE	5
6R7WjUX7Fk4zHPEHSdqEkY	17obwOahRWI121iMUZznh2	4
6R7WjUX7Fk4zHPEHSdqEkY	3y1DgnVXqckGJrbwOKchdU	3
6R7WjUX7Fk4zHPEHSdqEkY	0MAvx5yzdhylg2ztJC3MD3	2
6R7WjUX7Fk4zHPEHSdqEkY	12LgviUQ9DbfYJJ9niDWRq	1
2TLqxQWKzeqnaovkTxI3TV	1C7crJJ0HPOCCllrBaw6Rz	5
2TLqxQWKzeqnaovkTxI3TV	5Htb3OCSbYrsNjXgFP1LqD	4
2TLqxQWKzeqnaovkTxI3TV	7l71rXhsmDwoDgbyXDadtZ	3
2TLqxQWKzeqnaovkTxI3TV	1pfiDZtUYY64LDWQZ941BN	2
2TLqxQWKzeqnaovkTxI3TV	0K0qr72ojMFr5dMkUKgbW5	1
5Htb3OCSbYrsNjXgFP1LqD	7MiRMD4od8lrhJ8sd0etP0	5
5Htb3OCSbYrsNjXgFP1LqD	7l71rXhsmDwoDgbyXDadtZ	4
5Htb3OCSbYrsNjXgFP1LqD	79d6Ob2bylCu3SmjSEgDkT	3
5Htb3OCSbYrsNjXgFP1LqD	0fxj49BqciMUH7S23WVEkN	2
5Htb3OCSbYrsNjXgFP1LqD	6ayiPkdxUSbBiKRkOGgD2S	1
2WGyRLosdDgGJTLijIPpNC	4vRyd1UZ8Eq98EppbwOBg6	5
2WGyRLosdDgGJTLijIPpNC	2gSskdDhLQCx3CQd6XKDhp	4
2WGyRLosdDgGJTLijIPpNC	7aExFIr0IHWO5aFjMrGwKw	3
2WGyRLosdDgGJTLijIPpNC	00UuF3fAevVz8L0f1WfiQ6	2
2WGyRLosdDgGJTLijIPpNC	0XFbUk3QnKwp0vl9sIQtIg	1
5MPJKwuEzyWgfueKrogllD	0phMS1UDPTZlxuEnarDUKt	5
5MPJKwuEzyWgfueKrogllD	3OxsMm9KHw2FRJLGHtILl5	4
5MPJKwuEzyWgfueKrogllD	4gPGI1vW8TOypARV9Ykzae	3
5MPJKwuEzyWgfueKrogllD	7EynH3keqfKUmauyaeZoxv	2
5MPJKwuEzyWgfueKrogllD	19YeucN49a9jRiTyseG6a6	1
641QgCXSYTbRm9kigj0ABL	4aoS04mCVj1CMam1LiHngo	5
641QgCXSYTbRm9kigj0ABL	1h0hOL3bVcYlg4xcSjU7fP	4
641QgCXSYTbRm9kigj0ABL	6mY93oNfUaUwZq67yn3R8k	3
641QgCXSYTbRm9kigj0ABL	56tyBq8Ta1BdSTBs0gGhog	2
641QgCXSYTbRm9kigj0ABL	4piaw0UhXEi9S0G5CyJo2B	1
56M0TPfeix1WjBuylxkVeG	53jUBSXe4fqdmJWmu2VQPi	5
56M0TPfeix1WjBuylxkVeG	0eEnHswi9Dhgzc26XLrWzl	4
56M0TPfeix1WjBuylxkVeG	6tThEAJKUsHlj0ALfRObEP	3
56M0TPfeix1WjBuylxkVeG	0zWkGcXh8YmA2CFDGUosWX	2
56M0TPfeix1WjBuylxkVeG	6Pj0e6hTK0LFbhS62uMzTF	1
53jUBSXe4fqdmJWmu2VQPi	0eEnHswi9Dhgzc26XLrWzl	5
53jUBSXe4fqdmJWmu2VQPi	6Sx85a6bsiFZntJ04yuXhX	4
53jUBSXe4fqdmJWmu2VQPi	56M0TPfeix1WjBuylxkVeG	3
53jUBSXe4fqdmJWmu2VQPi	6Pj0e6hTK0LFbhS62uMzTF	2
53jUBSXe4fqdmJWmu2VQPi	6A5Hq2aWCSr6NmB0Vta8eE	1
0eEnHswi9Dhgzc26XLrWzl	53jUBSXe4fqdmJWmu2VQPi	5
0eEnHswi9Dhgzc26XLrWzl	4dWWabOR9EhS5Qsn0tbKug	4
0eEnHswi9Dhgzc26XLrWzl	6tThEAJKUsHlj0ALfRObEP	3
0eEnHswi9Dhgzc26XLrWzl	6Sx85a6bsiFZntJ04yuXhX	2
0eEnHswi9Dhgzc26XLrWzl	56M0TPfeix1WjBuylxkVeG	1
4xnuL3y3B7Tg63WzDPi8KM	6U174IQnD4TiKibxvVLYk6	5
4xnuL3y3B7Tg63WzDPi8KM	3dahhupQzKVXptEwFBsodc	4
4xnuL3y3B7Tg63WzDPi8KM	1kSOv0QaraiHwnDs5ld2kr	3
4xnuL3y3B7Tg63WzDPi8KM	00UuF3fAevVz8L0f1WfiQ6	2
4xnuL3y3B7Tg63WzDPi8KM	5L8FCi81vASYMJNWbODEDZ	1
5dDn7LCRUJJ2ZrsWnggSJd	65oBffOa88Yjia8B9FTLAS	5
5dDn7LCRUJJ2ZrsWnggSJd	3Fu85RBYU6DmX59C9Jj8S9	4
5dDn7LCRUJJ2ZrsWnggSJd	733uiglnvxVrnHAFs1TE0a	3
5dDn7LCRUJJ2ZrsWnggSJd	2WGyRLosdDgGJTLijIPpNC	2
5dDn7LCRUJJ2ZrsWnggSJd	49KZvkEWchga5D1uhNo1yd	1
6HwigzRpuWoCZDqMOQc5eu	2WGyRLosdDgGJTLijIPpNC	5
6HwigzRpuWoCZDqMOQc5eu	4vRyd1UZ8Eq98EppbwOBg6	4
6HwigzRpuWoCZDqMOQc5eu	2gSskdDhLQCx3CQd6XKDhp	3
6HwigzRpuWoCZDqMOQc5eu	7aExFIr0IHWO5aFjMrGwKw	2
6HwigzRpuWoCZDqMOQc5eu	0XFbUk3QnKwp0vl9sIQtIg	1
4eVI0JHjv4VPfIAAJ4eUjQ	6ZmROtcNcfYu6RMugBiMww	5
4eVI0JHjv4VPfIAAJ4eUjQ	5L8FCi81vASYMJNWbODEDZ	4
4eVI0JHjv4VPfIAAJ4eUjQ	2q5zchHPgQC5SSHjdtEaIg	3
4eVI0JHjv4VPfIAAJ4eUjQ	3Ks8gfOiRm64NuCnRWe6IF	2
4eVI0JHjv4VPfIAAJ4eUjQ	1X6PDKtDpmnA021oKkFl2w	1
2EcimaTNo8eeR82H0xwlqt	2q5zchHPgQC5SSHjdtEaIg	5
2EcimaTNo8eeR82H0xwlqt	0QxExzfx8GmcOIv8zeFyrV	4
2EcimaTNo8eeR82H0xwlqt	6QJiBD30jWBvxpP0CIbd4n	3
2EcimaTNo8eeR82H0xwlqt	1VwsTCny2wBZCgvP9UElqJ	2
2EcimaTNo8eeR82H0xwlqt	0Yd0FTB1v9SQeQCftEvo1y	1
6QJiBD30jWBvxpP0CIbd4n	0Yd0FTB1v9SQeQCftEvo1y	5
6QJiBD30jWBvxpP0CIbd4n	23ofqRUQ8AuJOJYuREoeg7	4
6QJiBD30jWBvxpP0CIbd4n	2q5zchHPgQC5SSHjdtEaIg	3
6QJiBD30jWBvxpP0CIbd4n	2EcimaTNo8eeR82H0xwlqt	2
6QJiBD30jWBvxpP0CIbd4n	1jGCMSZL07JTWhE78A3raW	1
1PNIYNopvlpgdbsWciqErT	7pRvSPXpU1G6YjFLB4KQhG	5
1PNIYNopvlpgdbsWciqErT	6KvliPvTSmquVxQui9Pt5l	4
1PNIYNopvlpgdbsWciqErT	2ALnjVHVrFkGy9Cz6qrlJB	3
1PNIYNopvlpgdbsWciqErT	1GXluhxSnDTZrkFiQGs1w3	2
1PNIYNopvlpgdbsWciqErT	29OrTpe82wBY7ZupOGq1Az	1
57Ypg6uPzhCQeABm2A8dI1	5ILVmveyBCwqXhE9NqDdPw	5
57Ypg6uPzhCQeABm2A8dI1	6aw31A9cFtC7rOithUcn8R	4
57Ypg6uPzhCQeABm2A8dI1	0wcIUegSckXf6kUUqdMMKV	3
57Ypg6uPzhCQeABm2A8dI1	4J2XQF3aiwhYdPKnIF7dyI	2
57Ypg6uPzhCQeABm2A8dI1	5HAxStstDYJcKZN1yiFfik	1
6ZjL942Hb7QD44eB8s8INO	0elA30wLp3RmiPaGtU2jhQ	5
6ZjL942Hb7QD44eB8s8INO	57Ypg6uPzhCQeABm2A8dI1	4
6ZjL942Hb7QD44eB8s8INO	0R2ecEIQ56FiyHXuNNsPAi	3
6ZjL942Hb7QD44eB8s8INO	6wyXUJAKHlQHuWxvLliPIz	2
6ZjL942Hb7QD44eB8s8INO	0wcIUegSckXf6kUUqdMMKV	1
6XXvo76AcMF2SubXuNHUIE	7nvEKh9qJ1N9LpB7d2jmyc	5
6XXvo76AcMF2SubXuNHUIE	6cLDdjUZzzXg5MGBmjgdOO	4
6XXvo76AcMF2SubXuNHUIE	15mioneQsBxPNhiqIo2YHH	3
6XXvo76AcMF2SubXuNHUIE	5eqadPlsWj0Pme1k5VHhUk	2
6XXvo76AcMF2SubXuNHUIE	7KrmEGdlhIigISUSXWyiot	1
6cLDdjUZzzXg5MGBmjgdOO	15mioneQsBxPNhiqIo2YHH	5
6cLDdjUZzzXg5MGBmjgdOO	6XXvo76AcMF2SubXuNHUIE	4
6cLDdjUZzzXg5MGBmjgdOO	7bV1ilz342PGNePqAuGdj2	3
6cLDdjUZzzXg5MGBmjgdOO	60tHVwHaOnP6N2KXR2z60D	2
6cLDdjUZzzXg5MGBmjgdOO	7nvEKh9qJ1N9LpB7d2jmyc	1
7nvEKh9qJ1N9LpB7d2jmyc	6XXvo76AcMF2SubXuNHUIE	5
7nvEKh9qJ1N9LpB7d2jmyc	6cLDdjUZzzXg5MGBmjgdOO	4
7nvEKh9qJ1N9LpB7d2jmyc	5eqadPlsWj0Pme1k5VHhUk	3
7nvEKh9qJ1N9LpB7d2jmyc	15mioneQsBxPNhiqIo2YHH	2
7nvEKh9qJ1N9LpB7d2jmyc	5OFEFJGUX0Zy1Hf85XJLUL	1
2HWxo4rx9jh0lljgUsvxLU	7nvEKh9qJ1N9LpB7d2jmyc	5
2HWxo4rx9jh0lljgUsvxLU	2HByG08oeemP5Vz79sP0xs	4
2HWxo4rx9jh0lljgUsvxLU	60tHVwHaOnP6N2KXR2z60D	3
2HWxo4rx9jh0lljgUsvxLU	5fnZN0e9cxZoEFuUF9zYgO	2
2HWxo4rx9jh0lljgUsvxLU	4gY5XB0dJm914WVu8JVsiC	1
60tHVwHaOnP6N2KXR2z60D	6cLDdjUZzzXg5MGBmjgdOO	5
60tHVwHaOnP6N2KXR2z60D	6XXvo76AcMF2SubXuNHUIE	4
60tHVwHaOnP6N2KXR2z60D	15mioneQsBxPNhiqIo2YHH	3
60tHVwHaOnP6N2KXR2z60D	7bV1ilz342PGNePqAuGdj2	2
60tHVwHaOnP6N2KXR2z60D	7nvEKh9qJ1N9LpB7d2jmyc	1
6B9MZBKAqMnlkFWwyVagkr	17CH3Hrtt0TCQAE6A4W2hi	5
6B9MZBKAqMnlkFWwyVagkr	3uRtSFydK1HUbCKndkfc86	4
6B9MZBKAqMnlkFWwyVagkr	4UUAGulMn936s6pQsho7cJ	3
6B9MZBKAqMnlkFWwyVagkr	5WkhT7y0IEBeCfCqh3Dt0l	2
6B9MZBKAqMnlkFWwyVagkr	5kTIW4jlAlZtCwXn0zIhtb	1
5WkhT7y0IEBeCfCqh3Dt0l	17CH3Hrtt0TCQAE6A4W2hi	5
5WkhT7y0IEBeCfCqh3Dt0l	6flsf2cZ2wOYRAM7iFoT9q	4
5WkhT7y0IEBeCfCqh3Dt0l	3uRtSFydK1HUbCKndkfc86	3
5WkhT7y0IEBeCfCqh3Dt0l	6B9MZBKAqMnlkFWwyVagkr	2
5WkhT7y0IEBeCfCqh3Dt0l	4UUAGulMn936s6pQsho7cJ	1
3uRtSFydK1HUbCKndkfc86	5kTIW4jlAlZtCwXn0zIhtb	5
3uRtSFydK1HUbCKndkfc86	7eNvZy2CJlw5hE8rcFSlGF	4
3uRtSFydK1HUbCKndkfc86	3zxiZoeAomCtNUCXLsiK07	3
3uRtSFydK1HUbCKndkfc86	17CH3Hrtt0TCQAE6A4W2hi	2
3uRtSFydK1HUbCKndkfc86	5WkhT7y0IEBeCfCqh3Dt0l	1
6flsf2cZ2wOYRAM7iFoT9q	17CH3Hrtt0TCQAE6A4W2hi	5
6flsf2cZ2wOYRAM7iFoT9q	5WkhT7y0IEBeCfCqh3Dt0l	4
6flsf2cZ2wOYRAM7iFoT9q	4UUAGulMn936s6pQsho7cJ	3
6flsf2cZ2wOYRAM7iFoT9q	3ZYlbvC3pDe556D396tDYX	2
6flsf2cZ2wOYRAM7iFoT9q	7eNvZy2CJlw5hE8rcFSlGF	1
1JnTGwsp1MtejTzWRWOMmu	1cKNtCaFs3dRO88WDOVTeg	5
1JnTGwsp1MtejTzWRWOMmu	3ZYlbvC3pDe556D396tDYX	4
1JnTGwsp1MtejTzWRWOMmu	429vM8a9fUXKmaHy2SzC4W	3
1JnTGwsp1MtejTzWRWOMmu	725JPXCUnObQTlBiBJnfXB	2
1JnTGwsp1MtejTzWRWOMmu	6zxIBQ4sNvQCSkciayJxaS	1
5kOfx7Fn7nb6dLgn7DnfhL	46rgmFkFP9fWUjNVJtNQ48	5
5kOfx7Fn7nb6dLgn7DnfhL	48Ik9YTSvLWzTbp9MWzW6o	4
5kOfx7Fn7nb6dLgn7DnfhL	3bO5LNcMsAZiIMsYhGdKIQ	3
5kOfx7Fn7nb6dLgn7DnfhL	4PvGN04GJTXMLGYuCAIPOY	2
5kOfx7Fn7nb6dLgn7DnfhL	7cMpUbKxLS6IpuZgK91Dzq	1
76N6L4ZZZ98lbw78vea5Xb	4jUaXvYm6zDDCU3HHIgyAH	5
76N6L4ZZZ98lbw78vea5Xb	62ouBANaltJBlsm65tVf4c	4
76N6L4ZZZ98lbw78vea5Xb	1PQwSb0u9VGGk4yqojZYgl	3
76N6L4ZZZ98lbw78vea5Xb	2MnlzLX99ap6F7fhQ71S9o	2
76N6L4ZZZ98lbw78vea5Xb	24M0cZJ2cxvoQV9J1qoJzs	1
4jUaXvYm6zDDCU3HHIgyAH	1PQwSb0u9VGGk4yqojZYgl	5
4jUaXvYm6zDDCU3HHIgyAH	62ouBANaltJBlsm65tVf4c	4
4jUaXvYm6zDDCU3HHIgyAH	5efHgu26HDzMP905Avz9KA	3
4jUaXvYm6zDDCU3HHIgyAH	4eQ39rlHfT7OtO7H6II8w3	2
4jUaXvYm6zDDCU3HHIgyAH	2fnKsR8vWlpN58fuLq5Hyf	1
6xuClSMZpRfDS7TD508ZIo	5ESobCkc6JI4tIMxQttqeg	5
6xuClSMZpRfDS7TD508ZIo	4jUaXvYm6zDDCU3HHIgyAH	4
6xuClSMZpRfDS7TD508ZIo	4eQ39rlHfT7OtO7H6II8w3	3
6xuClSMZpRfDS7TD508ZIo	75XLN8GLv1j9llPjdyqakN	2
6xuClSMZpRfDS7TD508ZIo	1SUHWGGIsGQq6WDWV03ETc	1
4I7psd21dFJEBx5QQkjxkB	4OkbBmLdUNrf0XNBeGjMdU	5
4I7psd21dFJEBx5QQkjxkB	4UQVy9lVQpzh68QfRSOpeC	4
4I7psd21dFJEBx5QQkjxkB	1g3Qri8FzR7OO5uRaKqzy6	3
4I7psd21dFJEBx5QQkjxkB	27mUh9pCqaPmtwEN0WtwAy	2
4I7psd21dFJEBx5QQkjxkB	5jesAjcP62hQtrI1vjrvnn	1
1gc6kR6Xpha1fl2xRFpKIk	7oYBJNg00DiwdL0OQn3CTh	5
1gc6kR6Xpha1fl2xRFpKIk	0ONSuqnE09j8wS67STXEeX	4
1gc6kR6Xpha1fl2xRFpKIk	44ZdHyn5Bg6ppOjpirKHjw	3
1gc6kR6Xpha1fl2xRFpKIk	1g3Qri8FzR7OO5uRaKqzy6	2
1gc6kR6Xpha1fl2xRFpKIk	1KW6ryMsdJENwKVLlGpeoY	1
5tko78jVyEsSlJZGdGxbpG	5jesAjcP62hQtrI1vjrvnn	5
5tko78jVyEsSlJZGdGxbpG	5MaVRr3ep1CvVT8wpiLhdf	4
5tko78jVyEsSlJZGdGxbpG	4UQVy9lVQpzh68QfRSOpeC	3
5tko78jVyEsSlJZGdGxbpG	4NumCIP8POt0FVlkJkAu0K	2
5tko78jVyEsSlJZGdGxbpG	4I7psd21dFJEBx5QQkjxkB	1
3mQOFT6pRn5DeLqW5YaGBk	31SeAWbGsHwwINzdoQocf6	5
3mQOFT6pRn5DeLqW5YaGBk	6nNiPFbmlYo2wDde0F6GP6	4
3mQOFT6pRn5DeLqW5YaGBk	2PHNC7g2GD2XUb65C6uUAm	3
3mQOFT6pRn5DeLqW5YaGBk	3ge2MPhI5ycnzpdeleZBUX	2
3mQOFT6pRn5DeLqW5YaGBk	4kOcGvu5BwwTq2ON6dDu5r	1
31SeAWbGsHwwINzdoQocf6	3mQOFT6pRn5DeLqW5YaGBk	5
31SeAWbGsHwwINzdoQocf6	6nNiPFbmlYo2wDde0F6GP6	4
31SeAWbGsHwwINzdoQocf6	4kOcGvu5BwwTq2ON6dDu5r	3
31SeAWbGsHwwINzdoQocf6	3ge2MPhI5ycnzpdeleZBUX	2
31SeAWbGsHwwINzdoQocf6	2PHNC7g2GD2XUb65C6uUAm	1
2DNn0p1yaJBpYpTKfFSarX	4vKpJETgwazbm0ttYo7MbK	5
2DNn0p1yaJBpYpTKfFSarX	4pcHnAsKRNzgKWjkF9G2sF	4
2DNn0p1yaJBpYpTKfFSarX	7beZYxF8Rl9zN0OQuF8Is7	3
2DNn0p1yaJBpYpTKfFSarX	1cW0q9f8hRYIxjZI03XBoX	2
2DNn0p1yaJBpYpTKfFSarX	1U15eUZnXs9gRM2m17Zfm4	1
7beZYxF8Rl9zN0OQuF8Is7	4vKpJETgwazbm0ttYo7MbK	5
7beZYxF8Rl9zN0OQuF8Is7	4pcHnAsKRNzgKWjkF9G2sF	4
7beZYxF8Rl9zN0OQuF8Is7	1cW0q9f8hRYIxjZI03XBoX	3
7beZYxF8Rl9zN0OQuF8Is7	3lP3YquB6kdt8KIbMddcuU	2
7beZYxF8Rl9zN0OQuF8Is7	1U15eUZnXs9gRM2m17Zfm4	1
4vKpJETgwazbm0ttYo7MbK	7beZYxF8Rl9zN0OQuF8Is7	5
4vKpJETgwazbm0ttYo7MbK	4pcHnAsKRNzgKWjkF9G2sF	4
4vKpJETgwazbm0ttYo7MbK	1cW0q9f8hRYIxjZI03XBoX	3
4vKpJETgwazbm0ttYo7MbK	2DNn0p1yaJBpYpTKfFSarX	2
4vKpJETgwazbm0ttYo7MbK	1U15eUZnXs9gRM2m17Zfm4	1
4pcHnAsKRNzgKWjkF9G2sF	4vKpJETgwazbm0ttYo7MbK	5
4pcHnAsKRNzgKWjkF9G2sF	7beZYxF8Rl9zN0OQuF8Is7	4
4pcHnAsKRNzgKWjkF9G2sF	1cW0q9f8hRYIxjZI03XBoX	3
4pcHnAsKRNzgKWjkF9G2sF	2DNn0p1yaJBpYpTKfFSarX	2
4pcHnAsKRNzgKWjkF9G2sF	1U15eUZnXs9gRM2m17Zfm4	1
1QVCiYzxeqycGNHoMuScof	7lun84nzwi0f1tksYBMK39	5
1QVCiYzxeqycGNHoMuScof	5D751dhU9A8oy6KtgEJ72Q	4
1QVCiYzxeqycGNHoMuScof	6kTPuQHcH6YM2dBbFP5kZR	3
1QVCiYzxeqycGNHoMuScof	3E3cr37VTq6ndmdisGN8qZ	2
1QVCiYzxeqycGNHoMuScof	35E7OgMjBlbV2GkbSU2BLp	1
7lun84nzwi0f1tksYBMK39	6kTPuQHcH6YM2dBbFP5kZR	5
7lun84nzwi0f1tksYBMK39	5D751dhU9A8oy6KtgEJ72Q	4
7lun84nzwi0f1tksYBMK39	1QVCiYzxeqycGNHoMuScof	3
7lun84nzwi0f1tksYBMK39	0eK8mDH0pDsBuUszNGby9M	2
7lun84nzwi0f1tksYBMK39	3E3cr37VTq6ndmdisGN8qZ	1
6kTPuQHcH6YM2dBbFP5kZR	7lun84nzwi0f1tksYBMK39	5
6kTPuQHcH6YM2dBbFP5kZR	1QVCiYzxeqycGNHoMuScof	4
6kTPuQHcH6YM2dBbFP5kZR	3E3cr37VTq6ndmdisGN8qZ	3
6kTPuQHcH6YM2dBbFP5kZR	5D751dhU9A8oy6KtgEJ72Q	2
6kTPuQHcH6YM2dBbFP5kZR	0eK8mDH0pDsBuUszNGby9M	1
7M7TSTOosYbVsbedK8fxsi	0eK8mDH0pDsBuUszNGby9M	5
7M7TSTOosYbVsbedK8fxsi	3TiIQ8LN53JufQUBwQwnMD	4
7M7TSTOosYbVsbedK8fxsi	1QVCiYzxeqycGNHoMuScof	3
7M7TSTOosYbVsbedK8fxsi	6kTPuQHcH6YM2dBbFP5kZR	2
7M7TSTOosYbVsbedK8fxsi	7fMS8N1WpD7FhLy3P4ODwV	1
0eK8mDH0pDsBuUszNGby9M	7M7TSTOosYbVsbedK8fxsi	5
0eK8mDH0pDsBuUszNGby9M	7lun84nzwi0f1tksYBMK39	4
0eK8mDH0pDsBuUszNGby9M	3TiIQ8LN53JufQUBwQwnMD	3
0eK8mDH0pDsBuUszNGby9M	6kTPuQHcH6YM2dBbFP5kZR	2
0eK8mDH0pDsBuUszNGby9M	1QVCiYzxeqycGNHoMuScof	1
7oStq5KzN4jzmIKaqJdImp	65Ab8LfdWXDrzHcNoyJI8O	5
7oStq5KzN4jzmIKaqJdImp	1U15eUZnXs9gRM2m17Zfm4	4
7oStq5KzN4jzmIKaqJdImp	1yUnegCvc8swErrcEuKCJu	3
7oStq5KzN4jzmIKaqJdImp	6UzIb736LmkDH9HAvCud8h	2
7oStq5KzN4jzmIKaqJdImp	6kRpR5iiTJYzhggX1iaBqg	1
65Ab8LfdWXDrzHcNoyJI8O	7oStq5KzN4jzmIKaqJdImp	5
65Ab8LfdWXDrzHcNoyJI8O	1U15eUZnXs9gRM2m17Zfm4	4
65Ab8LfdWXDrzHcNoyJI8O	1yUnegCvc8swErrcEuKCJu	3
65Ab8LfdWXDrzHcNoyJI8O	6kRpR5iiTJYzhggX1iaBqg	2
65Ab8LfdWXDrzHcNoyJI8O	4yQcNd6ZGmMcrh338QG1wW	1
1yUnegCvc8swErrcEuKCJu	1U15eUZnXs9gRM2m17Zfm4	5
1yUnegCvc8swErrcEuKCJu	65Ab8LfdWXDrzHcNoyJI8O	4
1yUnegCvc8swErrcEuKCJu	6kRpR5iiTJYzhggX1iaBqg	3
1yUnegCvc8swErrcEuKCJu	7oStq5KzN4jzmIKaqJdImp	2
1yUnegCvc8swErrcEuKCJu	3LR4cgjUKfu7lrP1gd0CEL	1
2CU61U87fEpZ3UURXyrVWw	4IggsyqUYYWYNKCVR6i1T0	5
2CU61U87fEpZ3UURXyrVWw	3Xk3RuaXYMimRZPSl5ku2l	4
2CU61U87fEpZ3UURXyrVWw	5Qa4pTLoiWuEYFjJghvujk	3
2CU61U87fEpZ3UURXyrVWw	05z5NFKQzNd4ygOwdKwTYU	2
2CU61U87fEpZ3UURXyrVWw	1qEVCiBMBYte6CsjA15BqY	1
3Xk3RuaXYMimRZPSl5ku2l	4IggsyqUYYWYNKCVR6i1T0	5
3Xk3RuaXYMimRZPSl5ku2l	5Qa4pTLoiWuEYFjJghvujk	4
3Xk3RuaXYMimRZPSl5ku2l	2CU61U87fEpZ3UURXyrVWw	3
3Xk3RuaXYMimRZPSl5ku2l	05z5NFKQzNd4ygOwdKwTYU	2
3Xk3RuaXYMimRZPSl5ku2l	3nqAYXW3MqUVIkbjEu14ke	1
05z5NFKQzNd4ygOwdKwTYU	5Qa4pTLoiWuEYFjJghvujk	5
05z5NFKQzNd4ygOwdKwTYU	4IggsyqUYYWYNKCVR6i1T0	4
05z5NFKQzNd4ygOwdKwTYU	2CU61U87fEpZ3UURXyrVWw	3
05z5NFKQzNd4ygOwdKwTYU	3Xk3RuaXYMimRZPSl5ku2l	2
05z5NFKQzNd4ygOwdKwTYU	3nqAYXW3MqUVIkbjEu14ke	1
4IggsyqUYYWYNKCVR6i1T0	2CU61U87fEpZ3UURXyrVWw	5
4IggsyqUYYWYNKCVR6i1T0	3Xk3RuaXYMimRZPSl5ku2l	4
4IggsyqUYYWYNKCVR6i1T0	5Qa4pTLoiWuEYFjJghvujk	3
4IggsyqUYYWYNKCVR6i1T0	05z5NFKQzNd4ygOwdKwTYU	2
4IggsyqUYYWYNKCVR6i1T0	3nqAYXW3MqUVIkbjEu14ke	1
5Qa4pTLoiWuEYFjJghvujk	4IggsyqUYYWYNKCVR6i1T0	5
5Qa4pTLoiWuEYFjJghvujk	05z5NFKQzNd4ygOwdKwTYU	4
5Qa4pTLoiWuEYFjJghvujk	3Xk3RuaXYMimRZPSl5ku2l	3
5Qa4pTLoiWuEYFjJghvujk	2CU61U87fEpZ3UURXyrVWw	2
5Qa4pTLoiWuEYFjJghvujk	3nqAYXW3MqUVIkbjEu14ke	1
6HWG3L2t3FFhD9L2o0htlp	2jdmfQKudMVIgTiBxa9iH3	5
6HWG3L2t3FFhD9L2o0htlp	1k588CiN0kAGxTP3pusCVR	4
6HWG3L2t3FFhD9L2o0htlp	4HLrlmNUjZ2NtSZvuGM43n	3
6HWG3L2t3FFhD9L2o0htlp	5vV7Vssz7rPL2LF4oGueGh	2
6HWG3L2t3FFhD9L2o0htlp	3E3cr37VTq6ndmdisGN8qZ	1
5vV7Vssz7rPL2LF4oGueGh	2jdmfQKudMVIgTiBxa9iH3	5
5vV7Vssz7rPL2LF4oGueGh	4HLrlmNUjZ2NtSZvuGM43n	4
5vV7Vssz7rPL2LF4oGueGh	1k588CiN0kAGxTP3pusCVR	3
5vV7Vssz7rPL2LF4oGueGh	6HWG3L2t3FFhD9L2o0htlp	2
5vV7Vssz7rPL2LF4oGueGh	3E3cr37VTq6ndmdisGN8qZ	1
3E3cr37VTq6ndmdisGN8qZ	5D751dhU9A8oy6KtgEJ72Q	5
3E3cr37VTq6ndmdisGN8qZ	6kTPuQHcH6YM2dBbFP5kZR	4
3E3cr37VTq6ndmdisGN8qZ	7lun84nzwi0f1tksYBMK39	3
3E3cr37VTq6ndmdisGN8qZ	2jdmfQKudMVIgTiBxa9iH3	2
3E3cr37VTq6ndmdisGN8qZ	69mV3sAaIOxOwddxKQM2l3	1
1k588CiN0kAGxTP3pusCVR	2jdmfQKudMVIgTiBxa9iH3	5
1k588CiN0kAGxTP3pusCVR	6HWG3L2t3FFhD9L2o0htlp	4
1k588CiN0kAGxTP3pusCVR	4HLrlmNUjZ2NtSZvuGM43n	3
1k588CiN0kAGxTP3pusCVR	5vV7Vssz7rPL2LF4oGueGh	2
1k588CiN0kAGxTP3pusCVR	3E3cr37VTq6ndmdisGN8qZ	1
2jdmfQKudMVIgTiBxa9iH3	1k588CiN0kAGxTP3pusCVR	5
2jdmfQKudMVIgTiBxa9iH3	6HWG3L2t3FFhD9L2o0htlp	4
2jdmfQKudMVIgTiBxa9iH3	5vV7Vssz7rPL2LF4oGueGh	3
2jdmfQKudMVIgTiBxa9iH3	4HLrlmNUjZ2NtSZvuGM43n	2
2jdmfQKudMVIgTiBxa9iH3	3E3cr37VTq6ndmdisGN8qZ	1
2KsrPzMI0aathUkcHYjj8W	6NkmPGz9etvaz1jn4QQWKS	5
2KsrPzMI0aathUkcHYjj8W	5L8FCi81vASYMJNWbODEDZ	4
2KsrPzMI0aathUkcHYjj8W	3Ks8gfOiRm64NuCnRWe6IF	3
2KsrPzMI0aathUkcHYjj8W	3bOaXwSzOMYXFPU7ijebYK	2
2KsrPzMI0aathUkcHYjj8W	7mPFWoDGjh7ArW1yr79EX8	1
2ZHVU0K5bpWrPWmxVGLuFd	42bLosexIDEGB92EkkfgwI	5
2ZHVU0K5bpWrPWmxVGLuFd	5vE8RjdV4ed9LGtwDhNZU2	4
2ZHVU0K5bpWrPWmxVGLuFd	60kAOy7rVxT5g2Xk5Yw1UW	3
2ZHVU0K5bpWrPWmxVGLuFd	27mUh9pCqaPmtwEN0WtwAy	2
2ZHVU0K5bpWrPWmxVGLuFd	3ykFnagw3soGw8dPsLf8md	1
6imvCFWGp2h6NhRHae2qFm	42bLosexIDEGB92EkkfgwI	5
6imvCFWGp2h6NhRHae2qFm	27mUh9pCqaPmtwEN0WtwAy	4
6imvCFWGp2h6NhRHae2qFm	6y40GxYcHNJTjiYvIjI83U	3
6imvCFWGp2h6NhRHae2qFm	5vE8RjdV4ed9LGtwDhNZU2	2
6imvCFWGp2h6NhRHae2qFm	6JGhm6DpYGCnA7OYQ0YEA6	1
3ykFnagw3soGw8dPsLf8md	6tuhmMNnYe9SyRAZSz1ayb	5
3ykFnagw3soGw8dPsLf8md	4oYHmavIYK9xugZkAOlkuq	4
3ykFnagw3soGw8dPsLf8md	42bLosexIDEGB92EkkfgwI	3
3ykFnagw3soGw8dPsLf8md	4PfUra45fBqth9jXzw17aY	2
3ykFnagw3soGw8dPsLf8md	5vE8RjdV4ed9LGtwDhNZU2	1
6JGhm6DpYGCnA7OYQ0YEA6	1uCYBdy7sccBYFdKnwKoIQ	5
6JGhm6DpYGCnA7OYQ0YEA6	19Y19Y9C40ul3NaDsGJON9	4
6JGhm6DpYGCnA7OYQ0YEA6	1j27tZeMY7ZgEepkIsKKQA	3
6JGhm6DpYGCnA7OYQ0YEA6	0VivSHq13HTRcufuVKQYSh	2
6JGhm6DpYGCnA7OYQ0YEA6	4D2ggq8w4661YP3nvDoK5o	1
